 2B  575.852870 1.010E-30 2.621E-01.06790.085 1080.25840.74-.000711       1 0 0 02       0 1 1 01                    P 34e     376663243110 9 711  2814.0 2898.0
 2B  577.329347 1.220E-30 2.662E-01.06830.087 1031.03800.74-.000730       1 0 0 02       0 1 1 01                    P 32e     376663243110 9 711  2646.0 2730.0
 2B  578.805036 1.450E-30 2.711E-01.06880.088  984.75220.74-.000752       1 0 0 02       0 1 1 01                    P 30e     376663243110 9 711  2478.0 2562.0
 2B  579.542612 1.120E-30 2.732E-01.06900.089  962.71000.73-.000764       1 0 0 02       0 1 1 01                    P 29e     376663243110 9 711  1710.0 1770.0
 2B  580.280022 1.690E-30 2.758E-01.06930.090  941.40170.73-.000777       1 0 0 02       0 1 1 01                    P 28e     376663243110 9 711  2310.0 2394.0
 2B  581.017278 1.290E-30 2.774E-01.06960.091  920.82740.73-.000790       1 0 0 02       0 1 1 01                    P 27e     376663243110 9 711  1590.0 1650.0
 2B  581.754387 1.920E-30 2.789E-01.06990.092  900.98730.73-.000803       1 0 0 02       0 1 1 01                    P 26e     376663243110 9 711  2142.0 2226.0
 2B  582.491360 1.460E-30 2.823E-01.07020.093  881.88120.72-.000818       1 0 0 02       0 1 1 01                    P 25e     376663243110 9 711  1470.0 1530.0
 2B  583.228204 2.150E-30 2.838E-01.07060.094  863.50950.72-.000833       1 0 0 02       0 1 1 01                    P 24e     376663243110 9 711  1974.0 2058.0
 2B  583.964928 1.610E-30 2.859E-01.07090.095  845.87200.72-.000849       1 0 0 02       0 1 1 01                    P 23e     376663243110 9 711  1350.0 1410.0
 2B  584.701539 2.360E-30 2.892E-01.07130.095  828.96890.71-.000866       1 0 0 02       0 1 1 01                    P 22e     376663243110 9 711  1806.0 1890.0
 2B  585.438045 1.750E-30 2.917E-01.07170.096  812.80030.71-.000883       1 0 0 02       0 1 1 01                    P 21e     376663243110 9 711  1230.0 1290.0
 2B  586.174453 2.530E-30 2.945E-01.07220.097  797.36610.71-.000901       1 0 0 02       0 1 1 01                    P 20e     376663243110 9 711  1638.0 1722.0
 2B  586.910769 1.850E-30 2.965E-01.07260.098  782.66660.70-.000920       1 0 0 02       0 1 1 01                    P 19e     376663243110 9 711  1110.0 1170.0
 2B  587.646998 2.650E-30 3.004E-01.07310.099  768.70160.70-.000940       1 0 0 02       0 1 1 01                    P 18e     376663243110 9 711  1470.0 1554.0
 2B  588.383146 1.910E-30 3.021E-01.07370.100  755.47130.70-.000961       1 0 0 02       0 1 1 01                    P 17e     376663243110 9 711   990.0 1050.0
 2B  589.119219 2.700E-30 3.063E-01.07420.101  742.97580.69-.000982       1 0 0 02       0 1 1 01                    P 16e     376663243110 9 711  1302.0 1386.0
 2B  589.855221 1.930E-30 3.102E-01.07480.102  731.21500.69-.001005       1 0 0 02       0 1 1 01                    P 15e     376663243110 9 711   870.0  930.0
 2B  590.591155 2.680E-30 3.139E-01.07550.103  720.18910.68-.001028       1 0 0 02       0 1 1 01                    P 14e     376663243110 9 711  1134.0 1218.0
 2B  591.327027 1.880E-30 3.174E-01.07620.104  709.89800.68-.001052       1 0 0 02       0 1 1 01                    P 13e     376663243110 9 711   750.0  810.0
 2B  592.062838 2.570E-30 3.223E-01.07700.105  700.34190.68-.001077       1 0 0 02       0 1 1 01                    P 12e     376663243110 9 711   966.0 1050.0
 2B  592.798591 1.780E-30 3.287E-01.07780.107  691.52070.68-.001103       1 0 0 02       0 1 1 01                    P 11e     376663243110 9 711   630.0  690.0
 2B  593.534290 2.380E-30 3.344E-01.07870.108  683.43440.68-.001129       1 0 0 02       0 1 1 01                    P 10e     376663243110 9 711   798.0  882.0
 2B  594.269935 1.610E-30 3.423E-01.07970.109  676.08320.68-.001156       1 0 0 02       0 1 1 01                    P  9e     376663243110 9 711   510.0  570.0
 2B  595.005528 2.100E-30 3.508E-01.08080.111  669.46700.68-.001184       1 0 0 02       0 1 1 01                    P  8e     376663243110 9 711   630.0  714.0
 2B  595.741069 1.380E-30 3.627E-01.08200.112  663.58590.68-.001211       1 0 0 02       0 1 1 01                    P  7e     376663243110 9 711   390.0  450.0
 2B  596.476561 1.740E-30 3.773E-01.08340.114  658.43990.68-.001238       1 0 0 02       0 1 1 01                    P  6e     376663243110 9 711   462.0  546.0
 2B  597.212001 1.090E-30 3.968E-01.08490.116  654.02900.69-.001263       1 0 0 02       0 1 1 01                    P  5e     376663243110 9 711   270.0  330.0
 2B  597.947390 1.300E-30 4.278E-01.08660.118  650.35320.69-.001279       1 0 0 02       0 1 1 01                    P  4e     376663243110 9 711   294.0  378.0
 2B  599.912566 1.220E-30 5.624E-01.06700.081 1217.02470.75-.000700       1 0 0 02       0 1 1 01                    Q 39f     376663243110 9 711  3318.0 3318.0
 2B  600.012851 1.540E-30 5.680E-01.06730.083 1160.38430.74-.000689       1 0 0 02       0 1 1 01                    Q 37f     376663243110 9 711  3150.0 3150.0
 2B  600.060737 1.230E-30 5.717E-01.06750.084 1133.16550.74-.000683       1 0 0 02       0 1 1 01                    Q 36f     376663243110 9 711  2190.0 2190.0
 2B  600.107138 1.910E-30 5.733E-01.06770.084 1106.68100.74-.000677       1 0 0 02       0 1 1 01                    Q 35f     376663243110 9 711  2982.0 2982.0
 2B  600.152070 1.500E-30 5.724E-01.06790.085 1080.93120.74-.000672       1 0 0 02       0 1 1 01                    Q 34f     376663243110 9 711  2070.0 2070.0
 2B  600.195547 2.320E-30 5.768E-01.06810.086 1055.91560.74-.000666       1 0 0 02       0 1 1 01                    Q 33f     376663243110 9 711  2814.0 2814.0
 2B  600.237586 1.810E-30 5.771E-01.06830.087 1031.63500.74-.000660       1 0 0 02       0 1 1 01                    Q 32f     376663243110 9 711  1950.0 1950.0
 2B  600.278198 2.770E-30 5.806E-01.06850.088 1008.08910.74-.000653       1 0 0 02       0 1 1 01                    Q 31f     376663243110 9 711  2646.0 2646.0
 2B  600.317400 2.150E-30 5.833E-01.06880.088  985.27810.74-.000647       1 0 0 02       0 1 1 01                    Q 30f     376663243110 9 711  1830.0 1830.0
 2B  600.355202 3.250E-30 5.849E-01.06900.089  963.20200.73-.000641       1 0 0 02       0 1 1 01                    Q 29f     376663243110 9 711  2478.0 2478.0
 2B  600.391619 2.490E-30 5.855E-01.06930.090  941.86100.73-.000635       1 0 0 02       0 1 1 01                    Q 28f     376663243110 9 711  1710.0 1710.0
 2B  600.426664 3.730E-30 5.874E-01.06960.091  921.25510.73-.000628       1 0 0 02       0 1 1 01                    Q 27f     376663243110 9 711  2310.0 2310.0
 2B  600.460347 2.840E-30 5.900E-01.06990.092  901.38440.73-.000622       1 0 0 02       0 1 1 01                    Q 26f     376663243110 9 711  1590.0 1590.0
 2B  600.492682 4.210E-30 5.917E-01.07020.093  882.24900.72-.000615       1 0 0 02       0 1 1 01                    Q 25f     376663243110 9 711  2142.0 2142.0
 2B  600.523679 3.160E-30 5.918E-01.07060.094  863.84890.72-.000609       1 0 0 02       0 1 1 01                    Q 24f     376663243110 9 711  1470.0 1470.0
 2B  600.553349 4.640E-30 5.939E-01.07090.095  846.18430.72-.000602       1 0 0 02       0 1 1 01                    Q 23f     376663243110 9 711  1974.0 1974.0
 2B  600.581703 3.450E-30 5.948E-01.07130.095  829.25520.71-.000595       1 0 0 02       0 1 1 01                    Q 22f     376663243110 9 711  1350.0 1350.0
 2B  600.608751 5.010E-30 5.968E-01.07170.096  813.06170.71-.000588       1 0 0 02       0 1 1 01                    Q 21f     376663243110 9 711  1806.0 1806.0
 2B  600.634503 3.690E-30 5.987E-01.07220.097  797.60380.71-.000580       1 0 0 02       0 1 1 01                    Q 20f     376663243110 9 711  1230.0 1230.0
 2B  600.658967 5.290E-30 6.001E-01.07260.098  782.88160.70-.000573       1 0 0 02       0 1 1 01                    Q 19f     376663243110 9 711  1638.0 1638.0
 2B  600.682154 3.840E-30 6.006E-01.07310.099  768.89520.70-.000565       1 0 0 02       0 1 1 01                    Q 18f     376663243110 9 711  1110.0 1110.0
 2B  600.704070 5.440E-30 6.024E-01.07370.100  755.64450.70-.000558       1 0 0 02       0 1 1 01                    Q 17f     376663243110 9 711  1470.0 1470.0
 2B  600.724725 3.900E-30 6.035E-01.07420.101  743.12980.69-.000550       1 0 0 02       0 1 1 01                    Q 16f     376663243110 9 711   990.0  990.0
 2B  600.744125 5.440E-30 6.045E-01.07480.102  731.35090.69-.000541       1 0 0 02       0 1 1 01                    Q 15f     376663243110 9 711  1302.0 1302.0
 2B  600.762278 3.840E-30 6.052E-01.07550.103  720.30800.68-.000533       1 0 0 02       0 1 1 01                    Q 14f     376663243110 9 711   870.0  870.0
 2B  600.779190 5.270E-30 6.061E-01.07620.104  710.00110.68-.000523       1 0 0 02       0 1 1 01                    Q 13f     376663243110 9 711  1134.0 1134.0
 2B  600.794868 3.650E-30 6.059E-01.07700.105  700.43020.68-.000514       1 0 0 02       0 1 1 01                    Q 12f     376663243110 9 711   750.0  750.0
 2B  600.809318 4.920E-30 6.075E-01.07780.107  691.59540.68-.000504       1 0 0 02       0 1 1 01                    Q 11f     376663243110 9 711   966.0  966.0
 2B  600.822545 3.340E-30 6.080E-01.07870.108  683.49670.68-.000493       1 0 0 02       0 1 1 01                    Q 10f     376663243110 9 711   630.0  630.0
 2B  600.834553 4.390E-30 6.087E-01.07970.109  676.13420.68-.000481       1 0 0 02       0 1 1 01                    Q  9f     376663243110 9 711   798.0  798.0
 2B  600.845348 2.900E-30 6.093E-01.08080.111  669.50780.68-.000469       1 0 0 02       0 1 1 01                    Q  8f     376663243110 9 711   510.0  510.0
 2B  600.854933 3.690E-30 6.099E-01.08200.112  663.61760.68-.000455       1 0 0 02       0 1 1 01                    Q  7f     376663243110 9 711   630.0  630.0
 2B  600.863313 2.340E-30 6.093E-01.08340.114  658.46370.68-.000440       1 0 0 02       0 1 1 01                    Q  6f     376663243110 9 711   390.0  390.0
 2B  600.870489 2.840E-30 6.110E-01.08490.116  654.04600.69-.000423       1 0 0 02       0 1 1 01                    Q  5f     376663243110 9 711   462.0  462.0
 2B  600.876465 1.690E-30 6.111E-01.08660.118  650.36450.69-.000404       1 0 0 02       0 1 1 01                    Q  4f     376663243110 9 711   270.0  270.0
 2B  600.881243 1.870E-30 6.122E-01.08850.120  647.41940.70-.000383       1 0 0 02       0 1 1 01                    Q  3f     376663243110 9 711   294.0  294.0
 2B  604.563264 1.070E-30 2.287E-01.08660.116  650.35320.690.000417       1 0 0 02       0 1 1 01                    R  4e     376663243110 9 711   462.0  378.0
 2B  606.032665 1.550E-30 2.538E-01.08340.112  658.43990.680.000302       1 0 0 02       0 1 1 01                    R  6e     376663243110 9 711   630.0  546.0
 2B  606.767227 1.270E-30 2.640E-01.08200.111  663.58590.680.000246       1 0 0 02       0 1 1 01                    R  7e     376663243110 9 711   510.0  450.0
 2B  607.243544 3.690E-30 4.948E-01.06580.074  935.62400.74-.000665       0 1 1 01       0 0 0 01                    P 50e     376553243110 9 711  2970.0 3030.0
 2B  607.501688 1.980E-30 2.712E-01.08080.109  669.46700.680.000194       1 0 0 02       0 1 1 01                    R  8e     376663243110 9 711   798.0  714.0
 2B  607.938698 6.070E-30 4.976E-01.06590.074  898.96170.74-.000668       0 1 1 01       0 0 0 01                    P 49e     376563243110 9 711  4074.0 4158.0
 2B  608.236041 1.540E-30 2.766E-01.07970.108  676.08320.680.000144       1 0 0 02       0 1 1 01                    R  9e     376663243110 9 711   630.0  570.0
 2B  608.634692 5.080E-30 5.010E-01.06600.075  863.03040.74-.000672       0 1 1 01       0 0 0 01                    P 48e     376563243110 9 711  2850.0 2910.0
 2B  608.970279 2.330E-30 2.834E-01.07870.107  683.43440.680.000096       1 0 0 02       0 1 1 01                    R 10e     376663243110 9 711   966.0  882.0
 2B  609.331525 8.290E-30 5.037E-01.06620.075  827.83020.74-.000675       0 1 1 01       0 0 0 01                    P 47e     376563243110 9 711  3906.0 3990.0
 2B  609.704394 1.760E-30 2.875E-01.07780.105  691.52070.680.000050       1 0 0 02       0 1 1 01                    R 11e     376663243110 9 711   750.0  690.0
 2B  610.029196 6.870E-30 5.062E-01.06620.076  793.36120.74-.000679       0 1 1 01       0 0 0 01                    P 46e     376563243110 9 711  2730.0 2790.0
 2B  610.438376 2.590E-30 2.927E-01.07700.104  700.34190.680.000005       1 0 0 02       0 1 1 01                    R 12e     376663243110 9 711  1134.0 1050.0
 2B  610.727704 1.110E-29 5.081E-01.06630.077  759.62360.74-.000683       0 1 1 01       0 0 0 01                    P 45e     376563243110 9 711  3738.0 3822.0
 2B  611.172218 1.920E-30 2.969E-01.07620.103  709.89800.68-.000037       1 0 0 02       0 1 1 01                    R 13e     376663243110 9 711   870.0  810.0
 2B  611.427047 9.140E-30 5.114E-01.06640.077  726.61750.74-.000688       0 1 1 01       0 0 0 01                    P 44e     376563243110 9 711  2610.0 2670.0
 2B  611.905910 2.760E-30 3.005E-01.07550.102  720.18910.69-.000078       1 0 0 02       0 1 1 01                    R 14e     376663243110 9 711  1302.0 1218.0
 2B  612.127224 1.470E-29 5.151E-01.06650.078  694.34300.75-.000693       0 1 1 01       0 0 0 01                    P 43e     376563243110 9 711  3570.0 3654.0
 2B  612.639442 2.010E-30 3.043E-01.07480.101  731.21500.69-.000117       1 0 0 02       0 1 1 01                    R 15e     376663243110 9 711   990.0  930.0
 2B  612.828235 1.200E-29 5.183E-01.06660.079  662.80020.75-.000698       0 1 1 01       0 0 0 01                    P 42e     376563243110 9 711  2490.0 2550.0
 2B  613.372803 2.850E-30 3.084E-01.07420.100  742.97580.70-.000154       1 0 0 02       0 1 1 01                    R 16e     376663243110 9 711  1470.0 1386.0
 2B  613.530077 1.910E-29 5.209E-01.06680.080  631.98940.75-.000704       0 1 1 01       0 0 0 01                    P 41e     376563243110 9 711  3402.0 3486.0
 2B  614.105983 2.040E-30 3.113E-01.07370.099  755.47130.70-.000191       1 0 0 02       0 1 1 01                    R 17e     376663243110 9 711  1110.0 1050.0
 2B  614.232750 1.540E-29 5.220E-01.06690.080  601.91050.75-.000710       0 1 1 01       0 0 0 01                    P 40e     376663243110 9 711  2370.0 2430.0
 2B  614.838971 2.850E-30 3.150E-01.07310.098  768.70160.70-.000226       1 0 0 02       0 1 1 01                    R 18e     376663243110 9 711  1638.0 1554.0
 2B  614.936253 2.430E-29 5.244E-01.06700.081  572.56370.75-.000716       0 1 1 01       0 0 0 01                    P 39e     376663243110 9 711  3234.0 3318.0
 2B  615.571755 2.010E-30 3.173E-01.07260.097  782.66660.71-.000260       1 0 0 02       0 1 1 01                    R 19e     376663243110 9 711  1230.0 1170.0
 2B  615.640583 1.950E-29 5.275E-01.06720.082  543.94910.75-.000723       0 1 1 01       0 0 0 01                    P 38e     376663243110 9 711  2250.0 2310.0
 2B  616.304323 2.770E-30 3.206E-01.07220.096  797.36610.71-.000292       1 0 0 02       0 1 1 01                    R 20e     376663243110 9 711  1806.0 1722.0
 2B  616.345740 3.060E-29 5.315E-01.06730.083  516.06690.74-.000730       0 1 1 01       0 0 0 01                    P 37e     376663243110 9 711  3066.0 3150.0
 2B  616.603205 1.250E-30 4.980E-01.06730.083 1160.38430.74-.000730       0 2 2 01       0 1 1 01                    P 37f     376663243110 9 711  3066.0 3150.0
 2B  616.735797 1.110E-30 4.913E-01.06720.082 1187.50000.75-.000723       0 2 2 01       0 1 1 01                    P 38e     376663243110 9 711  3150.0 3234.0
 2B  617.036663 1.930E-30 3.228E-01.07170.095  812.80030.71-.000324       1 0 0 02       0 1 1 01                    R 21e     376663243110 9 711  1350.0 1290.0
 2B  617.051723 2.430E-29 5.336E-01.06750.084  488.91710.74-.000738       0 1 1 01       0 0 0 01                    P 36e     376663243110 9 711  2130.0 2190.0
 2B  617.758529 3.770E-29 5.363E-01.06770.084  462.49980.74-.000746       0 1 1 01       0 0 0 01                    P 35e     376663243110 9 711  2898.0 2982.0
 2B  617.768761 2.630E-30 3.261E-01.07130.095  828.96890.72-.000354       1 0 0 02       0 1 1 01                    R 22e     376663243110 9 711  1974.0 1890.0
 2B  618.020660 1.540E-30 5.021E-01.06770.084 1106.68100.74-.000746       0 2 2 01       0 1 1 01                    P 35f     376663243110 9 711  2898.0 2982.0
 2B  618.066576 1.380E-30 4.956E-01.06750.084 1132.41260.74-.000738       0 2 2 01       0 1 1 01                    P 36e     376663243110 9 711  2982.0 3066.0
 2B  618.466157 2.970E-29 5.388E-01.06790.085  436.81520.74-.000755       0 1 1 01       0 0 0 01                    P 34e     476663243110 9 711  2010.0 2070.0
 2B  618.500604 1.820E-30 3.297E-01.07090.094  845.87200.72-.000384       1 0 0 02       0 1 1 01                    R 23e     376663243110 9 711  1470.0 1410.0
 2B  618.730604 1.210E-30 5.029E-01.06790.085 1080.93120.74-.000755       0 2 2 01       0 1 1 01                    P 34f     376663243110 9 711  2010.0 2070.0
 2B  618.734881 1.090E-30 4.969E-01.06770.084 1105.96880.74-.000746       0 2 2 01       0 1 1 01                    P 35e     376663243110 9 711  2070.0 2130.0
 2B  619.174606 4.570E-29 5.418E-01.06810.086  411.86330.74-.000764       0 1 1 01       0 0 0 01                    P 33e     476663243110 9 711  2730.0 2814.0
 2B  619.232178 2.440E-30 3.313E-01.07060.093  863.50950.72-.000413       1 0 0 02       0 1 1 01                    R 24e     376663243110 9 711  2142.0 2058.0
 2B  619.405129 1.690E-30 5.011E-01.06790.085 1080.25840.74-.000755       0 2 2 01       0 1 1 01                    P 34e     376663243110 9 711  2814.0 2898.0
 2B  619.441357 1.860E-30 5.051E-01.06810.086 1055.91560.74-.000764       0 2 2 01       0 1 1 01                    P 33f     376663243110 9 711  2730.0 2814.0
 2B  619.883874 3.570E-29 5.446E-01.06830.087  387.64430.74-.000774       0 1 1 01       0 0 0 01                    P 32e     476663243110 9 711  1890.0 1950.0
 2B  619.963469 1.670E-30 3.347E-01.07020.092  881.88120.73-.000440       1 0 0 02       0 1 1 01                    R 25e     376663243110 9 711  1590.0 1530.0
 2B  620.077319 1.320E-30 5.013E-01.06810.086 1055.28140.74-.000764       0 2 2 01       0 1 1 01                    P 33e     376663243110 9 711  1950.0 2010.0
 2B  620.152917 1.450E-30 5.065E-01.06830.087 1031.63500.74-.000774       0 2 2 01       0 1 1 01                    P 32f     376663243110 9 711  1890.0 1950.0
 2B  620.593959 5.440E-29 5.473E-01.06850.088  364.15820.74-.000784       0 1 1 01       0 0 0 01                    P 31e     476663243110 9 711  2562.0 2646.0
 2B  620.694462 2.220E-30 3.368E-01.06990.091  900.98730.73-.000467       1 0 0 02       0 1 1 01                    R 26e     376663243110 9 711  2310.0 2226.0
 2B  620.751450 2.020E-30 5.035E-01.06830.087 1031.03800.74-.000774       0 2 2 01       0 1 1 01                    P 32e     376663243110 9 711  2646.0 2730.0
 2B  620.865283 2.200E-30 5.067E-01.06850.088 1008.08910.74-.000784       0 2 2 01       0 1 1 01                    P 31f     376663243110 9 711  2562.0 2646.0
 2B  621.304860 4.210E-29 5.500E-01.06880.088  341.40510.74-.000795       0 1 1 01       0 0 0 01                    P 30e     476663243110 9 711  1770.0 1830.0
 2B  621.425142 1.500E-30 3.393E-01.06960.090  920.82740.73-.000493       1 0 0 02       0 1 1 01                    R 27e     376663243110 9 711  1710.0 1650.0
 2B  621.427520 1.570E-30 5.057E-01.06850.088 1007.52820.74-.000784       0 2 2 01       0 1 1 01                    P 31e     376663243110 9 711  1830.0 1890.0
 2B  621.578452 1.700E-30 5.083E-01.06880.088  985.27810.74-.000795       0 2 2 01       0 1 1 01                    P 30f     376663243110 9 711  1770.0 1830.0
 2B  622.016576 6.350E-29 5.523E-01.06900.089  319.38510.73-.000806       0 1 1 01       0 0 0 01                    P 29e     476663243110 9 711  2394.0 2478.0
 2B  622.105529 2.380E-30 5.078E-01.06880.088  984.75220.74-.000795       0 2 2 01       0 1 1 01                    P 30e     376663243110 9 711  2478.0 2562.0
 2B  622.155494 1.980E-30 3.423E-01.06930.089  941.40170.73-.000518       1 0 0 02       0 1 1 01                    R 28e     376663243110 9 711  2478.0 2394.0
 2B  622.292424 2.560E-30 5.095E-01.06900.089  963.20200.73-.000806       0 2 2 01       0 1 1 01                    P 29f     376663243110 9 711  2394.0 2478.0
 2B  622.729104 4.870E-29 5.553E-01.06930.090  298.09830.73-.000818       0 1 1 01       0 0 0 01                    P 28e     476663243110 9 711  1650.0 1710.0
 2B  622.785475 1.830E-30 5.094E-01.06900.089  962.71000.73-.000806       0 2 2 01       0 1 1 01                    P 29e     376663243110 9 711  1710.0 1770.0
 2B  622.885501 1.320E-30 3.434E-01.06900.088  962.71000.74-.000542       1 0 0 02       0 1 1 01                    R 29e     376663243110 9 711  1830.0 1770.0
 2B  623.007196 1.960E-30 5.113E-01.06930.090  941.86100.73-.000818       0 2 2 01       0 1 1 01                    P 28f     376663243110 9 711  1650.0 1710.0
 2B  623.442443 7.280E-29 5.580E-01.06960.091  277.54480.73-.000831       0 1 1 01       0 0 0 01                    P 27e     476663243110 9 711  2226.0 2310.0
 2B  623.467357 2.740E-30 5.101E-01.06930.090  941.40170.73-.000818       0 2 2 01       0 1 1 01                    P 28e     376663243110 9 711  2310.0 2394.0
 2B  623.615148 1.730E-30 3.473E-01.06880.088  984.75220.74-.000566       1 0 0 02       0 1 1 01                    R 30e     376663243110 9 711  2646.0 2562.0
 2B  623.722766 2.920E-30 5.119E-01.06960.091  921.25510.73-.000831       0 2 2 01       0 1 1 01                    P 27f     376663243110 9 711  2226.0 2310.0
 2B  624.151173 2.080E-30 5.100E-01.06960.091  920.82740.73-.000831       0 2 2 01       0 1 1 01                    P 27e     376663243110 9 711  1590.0 1650.0
 2B  624.156590 5.530E-29 5.612E-01.06990.092  257.72470.73-.000844       0 1 1 01       0 0 0 01                    P 26e     476663243110 9 711  1530.0 1590.0
 2B  624.344417 1.150E-30 3.507E-01.06850.087 1007.52820.74-.000589       1 0 0 02       0 1 1 01                    R 31e     376663243110 9 711  1950.0 1890.0
 2B  624.439133 2.210E-30 5.128E-01.06990.092  901.38440.73-.000844       0 2 2 01       0 1 1 01                    P 26f     376663243110 9 711  1530.0 1590.0
 2B  624.836921 3.090E-30 5.118E-01.06990.092  900.98730.73-.000844       0 2 2 01       0 1 1 01                    P 26e     376663243110 9 711  2142.0 2226.0
 2B  624.871545 8.180E-29 5.637E-01.07020.093  238.63790.72-.000858       0 1 1 01       0 0 0 01                    P 25e     476663243110 9 711  2058.0 2142.0
 2B  625.073290 1.480E-30 3.513E-01.06830.086 1031.03800.74-.000611       1 0 0 02       0 1 1 01                    R 32e     376663243110 9 711  2814.0 2730.0
 2B  625.156294 3.260E-30 5.135E-01.07020.093  882.24900.72-.000858       0 2 2 01       0 1 1 01                    P 25f     376663243110 9 711  2058.0 2142.0
 2B  625.524599 2.320E-30 5.113E-01.07020.093  881.88120.72-.000858       0 2 2 01       0 1 1 01                    P 25e     376663243110 9 711  1470.0 1530.0
 2B  625.587305 6.140E-29 5.661E-01.07060.094  220.28470.72-.000873       0 1 1 01       0 0 0 01                    P 24e     476663243110 9 711  1410.0 1470.0
 2B  625.874248 2.440E-30 5.141E-01.07060.094  863.84890.72-.000873       0 2 2 01       0 1 1 01                    P 24f     376663243110 9 711  1410.0 1470.0
 2B  626.214206 3.410E-30 5.128E-01.07060.094  863.50950.72-.000873       0 2 2 01       0 1 1 01                    P 24e     376663243110 9 711  1974.0 2058.0
 2B  626.303868 8.990E-29 5.688E-01.07090.095  202.66500.72-.000889       0 1 1 01       0 0 0 01                    P 23e     476663243110 9 711  1890.0 1974.0
 2B  626.529783 1.250E-30 3.572E-01.06790.084 1080.25840.74-.000653       1 0 0 02       0 1 1 01                    R 34e     376663243110 9 711  2982.0 2898.0
 2B  626.592994 3.560E-30 5.146E-01.07090.095  846.18430.72-.000889       0 2 2 01       0 1 1 01                    P 23f     376663243110 9 711  1890.0 1974.0
 2B  626.905740 2.540E-30 5.137E-01.07090.095  845.87200.72-.000889       0 2 2 01       0 1 1 01                    P 23e     376663243110 9 711  1350.0 1410.0
 2B  627.021232 6.670E-29 5.707E-01.07130.095  185.77900.71-.000905       0 1 1 01       0 0 0 01                    P 22e     476663243110 9 711  1290.0 1350.0
 2B  627.312527 2.630E-30 5.141E-01.07130.095  829.25520.71-.000905       0 2 2 01       0 1 1 01                    P 22f     376663243110 9 711  1290.0 1350.0
 2B  627.599198 3.680E-30 5.135E-01.07130.095  828.96890.71-.000905       0 2 2 01       0 1 1 01                    P 22e     376663243110 9 711  1806.0 1890.0
 2B  627.739396 9.660E-29 5.737E-01.07170.096  169.62670.71-.000922       0 1 1 01       0 0 0 01                    P 21e     476663243110 9 711  1722.0 1806.0
 2B  627.984479 1.030E-30 3.606E-01.06750.083 1132.41260.74-.000693       1 0 0 02       0 1 1 01                    R 36e     376663243110 9 711  3150.0 3066.0
 2B  628.032848 3.790E-30 5.141E-01.07170.096  813.06170.71-.000922       0 2 2 01       0 1 1 01                    P 21f     376663243110 9 711  1722.0 1806.0
 2B  628.294579 2.700E-30 5.125E-01.07170.096  812.80030.71-.000922       0 2 2 01       0 1 1 01                    P 21e     376663243110 9 711  1230.0 1290.0
 2B  628.458357 7.090E-29 5.762E-01.07220.097  154.20820.71-.000940       0 1 1 01       0 0 0 01                    P 20e     476663243110 9 711  1170.0 1230.0
 2B  628.753953 2.770E-30 5.140E-01.07220.097  797.60380.71-.000940       0 2 2 01       0 1 1 01                    P 20f     376663243110 9 711  1170.0 1230.0
 2B  628.991879 3.870E-30 5.127E-01.07220.097  797.36610.71-.000940       0 2 2 01       0 1 1 01                    P 20e     376663243110 9 711  1638.0 1722.0
 2B  629.178113 1.010E-28 5.766E-01.07260.098  139.52350.70-.000958       0 1 1 01       0 0 0 01                    P 19e     476663243110 9 711  1554.0 1638.0
 2B  629.475841 3.930E-30 5.123E-01.07260.098  782.88160.70-.000958       0 2 2 01       0 1 1 01                    P 19f     376663243110 9 711  1554.0 1638.0
 2B  629.691098 2.810E-30 5.126E-01.07260.098  782.66660.70-.000958       0 2 2 01       0 1 1 01                    P 19e     376663243110 9 711  1110.0 1170.0
 2B  629.898663 7.340E-29 5.808E-01.07310.099  125.57270.70-.000978       0 1 1 01       0 0 0 01                    P 18e     476663243110 9 711  1050.0 1110.0
 2B  630.198509 2.830E-30 5.111E-01.07310.099  768.89520.70-.000978       0 2 2 01       0 1 1 01                    P 18f     376663243110 9 711  1050.0 1110.0
 2B  630.392232 3.960E-30 5.107E-01.07310.099  768.70160.70-.000978       0 2 2 01       0 1 1 01                    P 18e     376663243110 9 711  1470.0 1554.0
 2B  630.620003 1.030E-28 5.802E-01.07370.100  112.35580.70-.000998       0 1 1 01       0 0 0 01                    P 17e     476663243110 9 711  1386.0 1470.0
 2B  630.921955 3.960E-30 5.091E-01.07370.100  755.64450.70-.000998       0 2 2 01       0 1 1 01                    P 17f     376663243110 9 711  1386.0 1470.0
 2B  631.095279 2.830E-30 5.092E-01.07370.100  755.47130.70-.000998       0 2 2 01       0 1 1 01                    P 17e     376663243110 9 711   990.0 1050.0
 2B  631.342132 7.380E-29 5.843E-01.07420.101   99.87290.69-.001019       0 1 1 01       0 0 0 01                    P 16e     476663243110 9 711   930.0  990.0
 2B  631.646178 2.800E-30 5.059E-01.07420.101  743.12980.69-.001019       0 2 2 01       0 1 1 01                    P 16f     376663243110 9 711   930.0  990.0
 2B  631.800237 3.920E-30 5.058E-01.07420.101  742.97580.69-.001019       0 2 2 01       0 1 1 01                    P 16e     376663243110 9 711  1302.0 1386.0
 2B  632.065048 1.030E-28 5.894E-01.07480.102   88.12410.69-.001041       0 1 1 01       0 0 0 01                    P 15e     476663243110 9 711  1218.0 1302.0
 2B  632.371174 3.860E-30 5.040E-01.07480.102  731.35090.69-.001041       0 2 2 01       0 1 1 01                    P 15f     376663243110 9 711  1218.0 1302.0
 2B  632.507103 2.750E-30 5.025E-01.07480.102  731.21500.69-.001041       0 2 2 01       0 1 1 01                    P 15e     376663243110 9 711   870.0  930.0
 2B  632.788749 7.190E-29 5.876E-01.07550.103   77.10930.68-.001063       0 1 1 01       0 0 0 01                    P 14e     476663243110 9 711   810.0  870.0
 2B  633.096941 2.680E-30 4.997E-01.07550.103  720.30800.68-.001063       0 2 2 01       0 1 1 01                    P 14f     376663243110 9 711   810.0  870.0
 2B  633.215875 3.750E-30 4.993E-01.07550.103  720.18910.68-.001063       0 2 2 01       0 1 1 01                    P 14e     376663243110 9 711  1134.0 1218.0
 2B  633.513231 9.810E-29 5.896E-01.07620.104   66.82870.68-.001087       0 1 1 01       0 0 0 01                    P 13e     476663243110 9 711  1050.0 1134.0
 2B  633.823477 3.600E-30 4.936E-01.07620.104  710.00110.68-.001087       0 2 2 01       0 1 1 01                    P 13f     376663243110 9 711  1050.0 1134.0
 2B  633.926550 2.570E-30 4.932E-01.07620.104  709.89800.68-.001087       0 2 2 01       0 1 1 01                    P 13e     376663243110 9 711   750.0  810.0
 2B  634.238493 6.750E-29 5.906E-01.07700.105   57.28220.68-.001111       0 1 1 01       0 0 0 01                    P 12e     476663243110 9 711   690.0  750.0
 2B  634.550780 2.440E-30 4.869E-01.07700.105  700.43020.68-.001111       0 2 2 01       0 1 1 01                    P 12f     376663243110 9 711   690.0  750.0
 2B  634.639125 3.420E-30 4.874E-01.07700.105  700.34190.68-.001111       0 2 2 01       0 1 1 01                    P 12e     376663243110 9 711   966.0 1050.0
 2B  634.964533 8.990E-29 5.908E-01.07780.107   48.46990.68-.001136       0 1 1 01       0 0 0 01                    P 11e     476663243110 9 711   882.0  966.0
 2B  635.278847 3.200E-30 4.796E-01.07780.107  691.59540.68-.001136       0 2 2 01       0 1 1 01                    P 11f     376663243110 9 711   882.0  966.0
 2B  635.353598 2.280E-30 4.783E-01.07780.107  691.52070.68-.001136       0 2 2 01       0 1 1 01                    P 11e     376663243110 9 711   630.0  690.0
 2B  635.691347 6.030E-29 5.908E-01.07870.108   40.39190.68-.001162       0 1 1 01       0 0 0 01                    P 10e     476663243110 9 711   570.0  630.0
 2B  636.007675 2.100E-30 4.692E-01.07870.108  683.49670.68-.001162       0 2 2 01       0 1 1 01                    P 10f     376663243110 9 711   570.0  630.0
 2B  636.069967 2.940E-30 4.692E-01.07870.108  683.43440.68-.001162       0 2 2 01       0 1 1 01                    P 10e     376663243110 9 711   798.0  882.0
 2B  636.418934 7.810E-29 5.907E-01.07970.109   33.04810.68-.001188       0 1 1 01       0 0 0 01                    P  9e     476663243110 9 711   714.0  798.0
 2B  636.737263 2.640E-30 4.553E-01.07970.109  676.13420.68-.001188       0 2 2 01       0 1 1 01                    P  9f     376663243110 9 711   714.0  798.0
 2B  636.788228 1.880E-30 4.539E-01.07970.109  676.08320.68-.001188       0 2 2 01       0 1 1 01                    P  9e     376663243110 9 711   510.0  570.0
 2B  637.147291 5.050E-29 5.882E-01.08080.111   26.43860.68-.001215       0 1 1 01       0 0 0 01                    P  8e     476663243110 9 711   450.0  510.0
 2B  637.467608 1.650E-30 4.382E-01.08080.111  669.50780.68-.001215       0 2 2 01       0 1 1 01                    P  8f     376663243110 9 711   450.0  510.0
 2B  637.508379 2.310E-30 4.381E-01.08080.111  669.46700.68-.001215       0 2 2 01       0 1 1 01                    P  8e     376663243110 9 711   630.0  714.0
 2B  637.876416 6.260E-29 5.852E-01.08200.112   20.56350.68-.001241       0 1 1 01       0 0 0 01                    P  7e     476663243110 9 711   546.0  630.0
 2B  638.198707 1.940E-30 4.135E-01.08200.112  663.61760.68-.001241       0 2 2 01       0 1 1 01                    P  7f     376663243110 9 711   546.0  630.0
 2B  638.230417 1.390E-30 4.147E-01.08200.112  663.58590.68-.001241       0 2 2 01       0 1 1 01                    P  7e     376663243110 9 711   390.0  450.0
 2B  638.606305 3.830E-29 5.790E-01.08340.114   15.42270.68-.001268       0 1 1 01       0 0 0 01                    P  6e     476663243110 9 711   330.0  390.0
 2B  638.930557 1.110E-30 3.826E-01.08340.114  658.46370.68-.001268       0 2 2 01       0 1 1 01                    P  6f     376663243110 9 711   330.0  390.0
 2B  638.954339 1.550E-30 3.816E-01.08340.114  658.43990.68-.001268       0 2 2 01       0 1 1 01                    P  6e     376663243110 9 711   462.0  546.0
 2B  639.336957 4.400E-29 5.696E-01.08490.116   11.01630.69-.001291       0 1 1 01       0 0 0 01                    P  5e     476663243110 9 711   378.0  462.0
 2B  639.663156 1.150E-30 3.394E-01.08490.116  654.04600.69-.001291       0 2 2 01       0 1 1 01                    P  5f     376663243110 9 711   378.0  462.0
 2B  640.068368 2.410E-29 5.528E-01.08660.118    7.34420.69-.001306       0 1 1 01       0 0 0 01                    P  4e     376663243110 9 711   210.0  270.0
 2B  640.800537 2.290E-29 5.189E-01.08850.120    4.40650.70-.001294       0 1 1 01       0 0 0 01                    P  3e     376663243110 9 711   210.0  294.0
 2B  641.533460 8.280E-30 4.341E-01.09050.123    2.20330.69-.001197       0 1 1 01       0 0 0 01                    P  2e     376663243110 9 711    90.0  150.0
 2B  643.003436 3.530E-29 1.318E+00.09500.127    0.73440.69-.000354       0 1 1 01       0 0 0 01                    Q  1e     376663243110 9 711   126.0  126.0
 2B  643.007193 4.170E-29 1.317E+00.09050.123    2.20330.69-.000383       0 1 1 01       0 0 0 01                    Q  2e     376663243110 9 711   150.0  150.0
 2B  643.012828 8.080E-29 1.316E+00.08850.120    4.40650.70-.000409       0 1 1 01       0 0 0 01                    Q  3e     376663243110 9 711   294.0  294.0
 2B  643.020341 7.320E-29 1.317E+00.08660.118    7.34420.69-.000431       0 1 1 01       0 0 0 01                    Q  4e     376663243110 9 711   270.0  270.0
 2B  643.029732 1.230E-28 1.317E+00.08490.116   11.01630.69-.000451       0 1 1 01       0 0 0 01                    Q  5e     476663243110 9 711   462.0  462.0
 2B  643.041001 1.020E-28 1.322E+00.08340.114   15.42270.68-.000469       0 1 1 01       0 0 0 01                    Q  6e     476663243110 9 711   390.0  390.0
 2B  643.054147 1.600E-28 1.316E+00.08200.112   20.56350.68-.000485       0 1 1 01       0 0 0 01                    Q  7e     476663243110 9 711   630.0  630.0
 2B  643.069170 1.260E-28 1.317E+00.08080.111   26.43860.68-.000500       0 1 1 01       0 0 0 01                    Q  8e     476663243110 9 711   510.0  510.0
 2B  643.086069 1.910E-28 1.318E+00.07970.109   33.04810.68-.000513       0 1 1 01       0 0 0 01                    Q  9e     476663243110 9 711   798.0  798.0
 2B  643.104844 1.450E-28 1.313E+00.07870.108   40.39190.68-.000525       0 1 1 01       0 0 0 01                    Q 10e     476663243110 9 711   630.0  630.0
 2B  643.125494 2.140E-28 1.315E+00.07780.107   48.46990.68-.000537       0 1 1 01       0 0 0 01                    Q 11e     476663243110 9 711   966.0  966.0
 2B  643.148019 1.590E-28 1.313E+00.07700.105   57.28220.68-.000548       0 1 1 01       0 0 0 01                    Q 12e     476663243110 9 711   750.0  750.0
 2B  643.172417 2.300E-28 1.316E+00.07620.104   66.82870.68-.000558       0 1 1 01       0 0 0 01                    Q 13e     476663243110 9 711  1134.0 1134.0
 2B  643.198689 1.680E-28 1.318E+00.07550.103   77.10930.68-.000568       0 1 1 01       0 0 0 01                    Q 14e     476663243110 9 711   870.0  870.0
 2B  643.226834 2.380E-28 1.316E+00.07480.102   88.12410.69-.000577       0 1 1 01       0 0 0 01                    Q 15e     476663243110 9 711  1302.0 1302.0
 2B  643.256850 1.710E-28 1.317E+00.07420.101   99.87290.69-.000586       0 1 1 01       0 0 0 01                    Q 16e     476663243110 9 711   990.0  990.0
 2B  643.288736 2.390E-28 1.317E+00.07370.100  112.35580.70-.000594       0 1 1 01       0 0 0 01                    Q 17e     476663243110 9 711  1470.0 1470.0
 2B  643.322492 1.690E-28 1.315E+00.07310.099  125.57270.70-.000603       0 1 1 01       0 0 0 01                    Q 18e     476663243110 9 711  1110.0 1110.0
 2B  643.339483 1.210E-30 8.713E-01.09050.123  645.21050.69-.000383       0 2 2 01       0 1 1 01                    Q  2f     376663243110 9 711   150.0  150.0
 2B  643.341679 2.930E-30 1.088E+00.08850.120  647.41940.70-.000409       0 2 2 01       0 1 1 01                    Q  3f     376663243110 9 711   294.0  294.0
 2B  643.342880 1.690E-30 8.692E-01.09050.123  645.20710.69-.000383       0 2 2 01       0 1 1 01                    Q  2e     376663243110 9 711   210.0  210.0
 2B  643.344607 2.860E-30 1.173E+00.08660.118  650.36450.69-.000431       0 2 2 01       0 1 1 01                    Q  4f     376663243110 9 711   270.0  270.0
 2B  643.348268 4.990E-30 1.218E+00.08490.116  654.04600.69-.000451       0 2 2 01       0 1 1 01                    Q  5f     376663243110 9 711   462.0  462.0
 2B  643.348473 2.090E-30 1.087E+00.08850.120  647.41260.70-.000409       0 2 2 01       0 1 1 01                    Q  3e     376663243110 9 711   210.0  210.0
 2B  643.352660 4.210E-30 1.244E+00.08340.114  658.46370.68-.000469       0 2 2 01       0 1 1 01                    Q  6f     376663243110 9 711   390.0  390.0
 2B  643.355931 4.010E-30 1.175E+00.08660.118  650.35320.69-.000431       0 2 2 01       0 1 1 01                    Q  4e     376663243110 9 711   378.0  378.0
 2B  643.357785 6.710E-30 1.258E+00.08200.112  663.61760.68-.000485       0 2 2 01       0 1 1 01                    Q  7f     376663243110 9 711   630.0  630.0
 2B  643.358117 2.330E-28 1.315E+00.07260.098  139.52350.70-.000611       0 1 1 01       0 0 0 01                    Q 19e     476663243110 9 711  1638.0 1638.0
 2B  643.363642 5.320E-30 1.268E+00.08080.111  669.50780.68-.000500       0 2 2 01       0 1 1 01                    Q  8f     376663243110 9 711   510.0  510.0
 2B  643.365253 3.570E-30 1.220E+00.08490.116  654.02900.69-.000451       0 2 2 01       0 1 1 01                    Q  5e     376663243110 9 711   330.0  330.0
 2B  643.370231 8.110E-30 1.276E+00.07970.109  676.13420.68-.000513       0 2 2 01       0 1 1 01                    Q  9f     376663243110 9 711   798.0  798.0
 2B  643.376438 5.890E-30 1.243E+00.08340.114  658.43990.68-.000469       0 2 2 01       0 1 1 01                    Q  6e     376663243110 9 711   546.0  546.0
 2B  643.377552 6.210E-30 1.283E+00.07870.108  683.49670.68-.000525       0 2 2 01       0 1 1 01                    Q 10f     376663243110 9 711   630.0  630.0
 2B  643.385606 9.180E-30 1.286E+00.07780.107  691.59540.68-.000537       0 2 2 01       0 1 1 01                    Q 11f     376663243110 9 711   966.0  966.0
 2B  643.389486 4.790E-30 1.257E+00.08200.112  663.58590.68-.000485       0 2 2 01       0 1 1 01                    Q  7e     376663243110 9 711   450.0  450.0
 2B  643.394391 6.840E-30 1.288E+00.07700.105  700.43020.68-.000548       0 2 2 01       0 1 1 01                    Q 12f     376663243110 9 711   750.0  750.0
 2B  643.395609 1.630E-28 1.316E+00.07220.097  154.20820.71-.000619       0 1 1 01       0 0 0 01                    Q 20e     476663243110 9 711  1230.0 1230.0
 2B  643.403910 9.900E-30 1.292E+00.07620.104  710.00110.68-.000558       0 2 2 01       0 1 1 01                    Q 13f     376663243110 9 711  1134.0 1134.0
 2B  643.404398 7.450E-30 1.268E+00.08080.111  669.46700.68-.000500       0 2 2 01       0 1 1 01                    Q  8e     376663243110 9 711   714.0  714.0
 2B  643.414160 7.230E-30 1.293E+00.07550.103  720.30800.68-.000568       0 2 2 01       0 1 1 01                    Q 14f     376663243110 9 711   870.0  870.0
 2B  643.421172 5.800E-30 1.277E+00.07970.109  676.08320.68-.000513       0 2 2 01       0 1 1 01                    Q  9e     376663243110 9 711   570.0  570.0
 2B  643.425142 1.030E-29 1.299E+00.07480.102  731.35090.69-.000577       0 2 2 01       0 1 1 01                    Q 15f     376663243110 9 711  1302.0 1302.0
 2B  643.434968 2.220E-28 1.316E+00.07170.096  169.62670.71-.000626       0 1 1 01       0 0 0 01                    Q 21e     476663243110 9 711  1806.0 1806.0
 2B  643.436857 7.390E-30 1.298E+00.07420.101  743.12980.69-.000586       0 2 2 01       0 1 1 01                    Q 16f     376663243110 9 711   990.0  990.0
 2B  643.439808 8.690E-30 1.282E+00.07870.108  683.43440.68-.000525       0 2 2 01       0 1 1 01                    Q 10e     376663243110 9 711   882.0  882.0
 2B  643.449304 1.030E-29 1.295E+00.07370.100  755.64450.70-.000594       0 2 2 01       0 1 1 01                    Q 17f     376663243110 9 711  1470.0 1470.0
 2B  643.460305 6.550E-30 1.285E+00.07780.107  691.52070.68-.000537       0 2 2 01       0 1 1 01                    Q 11e     376663243110 9 711   690.0  690.0
 2B  643.462483 7.320E-30 1.300E+00.07310.099  768.89520.70-.000603       0 2 2 01       0 1 1 01                    Q 18f     376663243110 9 711  1110.0 1110.0
 2B  643.476192 1.540E-28 1.321E+00.07130.095  185.77900.71-.000634       0 1 1 01       0 0 0 01                    Q 22e     476663243110 9 711  1350.0 1350.0
 2B  643.476394 1.010E-29 1.301E+00.07260.098  782.88160.70-.000611       0 2 2 01       0 1 1 01                    Q 19f     376663243110 9 711  1638.0 1638.0
 2B  643.482663 9.580E-30 1.289E+00.07700.105  700.34190.68-.000548       0 2 2 01       0 1 1 01                    Q 12e     376663243110 9 711  1050.0 1050.0
 2B  643.491036 7.060E-30 1.301E+00.07220.097  797.60380.71-.000619       0 2 2 01       0 1 1 01                    Q 20f     376663243110 9 711  1230.0 1230.0
 2B  643.506410 9.630E-30 1.303E+00.07170.096  813.06170.71-.000626       0 2 2 01       0 1 1 01                    Q 21f     376663243110 9 711  1806.0 1806.0
 2B  643.506881 7.070E-30 1.292E+00.07620.104  709.89800.68-.000558       0 2 2 01       0 1 1 01                    Q 13e     376663243110 9 711   810.0  810.0
 2B  643.519279 2.070E-28 1.318E+00.07090.095  202.66500.72-.000641       0 1 1 01       0 0 0 01                    Q 23e     476663243110 9 711  1974.0 1974.0
 2B  643.522515 6.650E-30 1.302E+00.07130.095  829.25520.71-.000634       0 2 2 01       0 1 1 01                    Q 22f     376663243110 9 711  1350.0 1350.0
 2B  643.532959 1.010E-29 1.290E+00.07550.103  720.18910.68-.000568       0 2 2 01       0 1 1 01                    Q 14e     376663243110 9 711  1218.0 1218.0
 2B  643.539352 8.970E-30 1.304E+00.07090.095  846.18430.72-.000641       0 2 2 01       0 1 1 01                    Q 23f     376663243110 9 711  1974.0 1974.0
 2B  643.556918 6.130E-30 1.304E+00.07060.094  863.84890.72-.000649       0 2 2 01       0 1 1 01                    Q 24f     376663243110 9 711  1470.0 1470.0
 2B  643.560895 7.330E-30 1.294E+00.07480.102  731.21500.69-.000577       0 2 2 01       0 1 1 01                    Q 15e     376663243110 9 711   930.0  930.0
 2B  643.564229 1.410E-28 1.314E+00.07060.094  220.28470.72-.000649       0 1 1 01       0 0 0 01                    Q 24e     476663243110 9 711  1470.0 1470.0
 2B  643.575216 8.170E-30 1.305E+00.07020.093  882.24900.72-.000656       0 2 2 01       0 1 1 01                    Q 25f     376663243110 9 711  2142.0 2142.0
 2B  643.590688 1.030E-29 1.292E+00.07420.101  742.97580.69-.000586       0 2 2 01       0 1 1 01                    Q 16e     376663243110 9 711  1386.0 1386.0
 2B  643.594242 5.530E-30 1.306E+00.06990.092  901.38440.73-.000663       0 2 2 01       0 1 1 01                    Q 26f     376663243110 9 711  1590.0 1590.0
 2B  643.611041 1.890E-28 1.322E+00.07020.093  238.63790.72-.000656       0 1 1 01       0 0 0 01                    Q 25e     476663243110 9 711  2142.0 2142.0
 2B  643.613998 7.300E-30 1.307E+00.06960.091  921.25510.73-.000670       0 2 2 01       0 1 1 01                    Q 27f     376663243110 9 711  2310.0 2310.0
 2B  643.622339 7.370E-30 1.297E+00.07370.100  755.47130.70-.000594       0 2 2 01       0 1 1 01                    Q 17e     376663243110 9 711  1050.0 1050.0
 2B  643.634483 4.890E-30 1.307E+00.06930.090  941.86100.73-.000677       0 2 2 01       0 1 1 01                    Q 28f     376663243110 9 711  1710.0 1710.0
 2B  643.655695 6.390E-30 1.308E+00.06900.089  963.20200.73-.000683       0 2 2 01       0 1 1 01                    Q 29f     376663243110 9 711  2478.0 2478.0
 2B  643.655845 1.020E-29 1.293E+00.07310.099  768.70160.70-.000603       0 2 2 01       0 1 1 01                    Q 18e     376663243110 9 711  1554.0 1554.0
 2B  643.659712 1.280E-28 1.323E+00.06990.092  257.72470.73-.000663       0 1 1 01       0 0 0 01                    Q 26e     476663243110 9 711  1590.0 1590.0
 2B  643.677635 4.240E-30 1.308E+00.06880.088  985.27810.74-.000690       0 2 2 01       0 1 1 01                    Q 30f     376663243110 9 711  1830.0 1830.0
 2B  643.691206 7.210E-30 1.300E+00.07260.098  782.66660.70-.000611       0 2 2 01       0 1 1 01                    Q 19e     376663243110 9 711  1170.0 1170.0
 2B  643.700301 5.490E-30 1.309E+00.06850.088 1008.08910.74-.000697       0 2 2 01       0 1 1 01                    Q 31f     376663243110 9 711  2646.0 2646.0
 2B  643.710241 1.680E-28 1.317E+00.06960.091  277.54480.73-.000670       0 1 1 01       0 0 0 01                    Q 27e     476663243110 9 711  2310.0 2310.0
 2B  643.723692 3.610E-30 1.310E+00.06830.087 1031.63500.74-.000703       0 2 2 01       0 1 1 01                    Q 32f     376663243110 9 711  1950.0 1950.0
 2B  643.728420 9.880E-30 1.300E+00.07220.097  797.36610.71-.000619       0 2 2 01       0 1 1 01                    Q 20e     376663243110 9 711  1722.0 1722.0
 2B  643.736727 1.690E-29 8.821E-01.09500.127    0.00000.690.000124       0 1 1 01       0 0 0 01                    R  0e     376663243110 9 711    90.0   30.0
 2B  643.747807 4.630E-30 1.310E+00.06810.086 1055.91560.74-.000710       0 2 2 01       0 1 1 01                    Q 33f     376663243110 9 711  2814.0 2814.0
 2B  643.762627 1.130E-28 1.322E+00.06930.090  298.09830.73-.000677       0 1 1 01       0 0 0 01                    Q 28e     476663243110 9 711  1710.0 1710.0
 2B  643.767487 6.870E-30 1.301E+00.07170.096  812.80030.71-.000626       0 2 2 01       0 1 1 01                    Q 21e     376663243110 9 711  1290.0 1290.0
 2B  643.772644 3.010E-30 1.307E+00.06790.085 1080.93120.74-.000716       0 2 2 01       0 1 1 01                    Q 34f     376663243110 9 711  2070.0 2070.0
 2B  643.798204 3.830E-30 1.309E+00.06770.084 1106.68100.74-.000722       0 2 2 01       0 1 1 01                    Q 35f     376663243110 9 711  2982.0 2982.0
 2B  643.808405 9.310E-30 1.301E+00.07130.095  828.96890.71-.000634       0 2 2 01       0 1 1 01                    Q 22e     376663243110 9 711  1890.0 1890.0
 2B  643.816868 1.470E-28 1.317E+00.06900.089  319.38510.73-.000683       0 1 1 01       0 0 0 01                    Q 29e     476663243110 9 711  2478.0 2478.0
 2B  643.824483 2.470E-30 1.307E+00.06750.084 1133.16550.74-.000728       0 2 2 01       0 1 1 01                    Q 36f     376663243110 9 711  2190.0 2190.0
 2B  643.851173 6.400E-30 1.302E+00.07090.095  845.87200.72-.000641       0 2 2 01       0 1 1 01                    Q 23e     376663243110 9 711  1410.0 1410.0
 2B  643.851480 3.120E-30 1.311E+00.06730.083 1160.38430.74-.000734       0 2 2 01       0 1 1 01                    Q 37f     376663243110 9 711  3150.0 3150.0
 2B  643.872962 9.770E-29 1.319E+00.06880.088  341.40510.74-.000690       0 1 1 01       0 0 0 01                    Q 30e     476663243110 9 711  1830.0 1830.0
 2B  643.879194 2.000E-30 1.313E+00.06720.082 1188.33740.75-.000741       0 2 2 01       0 1 1 01                    Q 38f     376663243110 9 711  2310.0 2310.0
 2B  643.895790 8.570E-30 1.302E+00.07060.094  863.50950.72-.000649       0 2 2 01       0 1 1 01                    Q 24e     376663243110 9 711  2058.0 2058.0
 2B  643.907623 2.500E-30 1.313E+00.06700.081 1217.02470.75-.000747       0 2 2 01       0 1 1 01                    Q 39f     376663243110 9 711  3318.0 3318.0
 2B  643.930908 1.270E-28 1.325E+00.06850.088  364.15820.74-.000697       0 1 1 01       0 0 0 01                    Q 31e     476663243110 9 711  2646.0 2646.0
 2B  643.936764 1.580E-30 1.308E+00.06690.080 1246.44590.75-.000753       0 2 2 01       0 1 1 01                    Q 40f     376663243110 9 711  2430.0 2430.0
 2B  643.942254 5.830E-30 1.303E+00.07020.093  881.88120.72-.000656       0 2 2 01       0 1 1 01                    Q 25e     376663243110 9 711  1530.0 1530.0
 2B  643.966616 1.960E-30 1.309E+00.06680.080 1276.60120.75-.000758       0 2 2 01       0 1 1 01                    Q 41f     376563243110 9 711  3486.0 3486.0
 2B  643.990564 7.730E-30 1.303E+00.06990.092  900.98730.73-.000663       0 2 2 01       0 1 1 01                    Q 26e     376663243110 9 711  2226.0 2226.0
 2B  643.990705 8.310E-29 1.319E+00.06830.087  387.64430.74-.000703       0 1 1 01       0 0 0 01                    Q 32e     476663243110 9 711  1950.0 1950.0
 2B  643.997175 1.240E-30 1.316E+00.06660.079 1307.49020.75-.000764       0 2 2 01       0 1 1 01                    Q 42f     376563243110 9 711  2550.0 2550.0
 2B  644.028439 1.520E-30 1.313E+00.06650.078 1339.11300.75-.000770       0 2 2 01       0 1 1 01                    Q 43f     376563243110 9 711  3654.0 3654.0
 2B  644.040719 5.200E-30 1.302E+00.06960.091  920.82740.73-.000670       0 2 2 01       0 1 1 01                    Q 27e     376663243110 9 711  1650.0 1650.0
 2B  644.052349 1.070E-28 1.324E+00.06810.086  411.86330.74-.000710       0 1 1 01       0 0 0 01                    Q 33e     476663243110 9 711  2814.0 2814.0
 2B  644.092716 6.830E-30 1.303E+00.06930.090  941.40170.73-.000677       0 2 2 01       0 1 1 01                    Q 28e     376663243110 9 711  2394.0 2394.0
 2B  644.093071 1.160E-30 1.317E+00.06630.077 1404.55910.74-.000781       0 2 2 01       0 1 1 01                    Q 45f     376563243110 9 711  3822.0 3822.0
 2B  644.115839 6.950E-29 1.320E+00.06790.085  436.81520.74-.000716       0 1 1 01       0 0 0 01                    Q 34e     476663243110 9 711  2070.0 2070.0
 2B  644.146554 4.550E-30 1.302E+00.06900.089  962.71000.73-.000683       0 2 2 01       0 1 1 01                    Q 29e     376663243110 9 711  1770.0 1770.0
 2B  644.181174 8.830E-29 1.319E+00.06770.084  462.49980.74-.000722       0 1 1 01       0 0 0 01                    Q 35e     376663243110 9 711  2982.0 2982.0
 2B  644.202232 5.920E-30 1.303E+00.06880.088  984.75220.74-.000690       0 2 2 01       0 1 1 01                    Q 30e     376663243110 9 711  2562.0 2562.0
 2B  644.248351 5.710E-29 1.321E+00.06750.084  488.91710.74-.000728       0 1 1 01       0 0 0 01                    Q 36e     376663243110 9 711  2190.0 2190.0
 2B  644.259748 3.910E-30 1.304E+00.06850.088 1007.52820.74-.000697       0 2 2 01       0 1 1 01                    Q 31e     376663243110 9 711  1890.0 1890.0
 2B  644.317368 7.190E-29 1.320E+00.06730.083  516.06690.74-.000734       0 1 1 01       0 0 0 01                    Q 37e     376663243110 9 711  3150.0 3150.0
 2B  644.319100 5.040E-30 1.304E+00.06830.087 1031.03800.74-.000703       0 2 2 01       0 1 1 01                    Q 32e     376663243110 9 711  2730.0 2730.0
 2B  644.380287 3.300E-30 1.305E+00.06810.086 1055.28140.74-.000710       0 2 2 01       0 1 1 01                    Q 33e     376663243110 9 711  2010.0 2010.0
 2B  644.388223 4.610E-29 1.322E+00.06720.082  543.94910.75-.000741       0 1 1 01       0 0 0 01                    Q 38e     376663243110 9 711  2310.0 2310.0
 2B  644.443305 4.210E-30 1.304E+00.06790.085 1080.25840.74-.000716       0 2 2 01       0 1 1 01                    Q 34e     376663243110 9 711  2898.0 2898.0
 2B  644.460914 5.750E-29 1.319E+00.06700.081  572.56370.75-.000747       0 1 1 01       0 0 0 01                    Q 39e     376663243110 9 711  3318.0 3318.0
 2B  644.472639 3.550E-29 7.987E-01.09500.123    0.73440.690.000431       0 1 1 01       0 0 0 01                    R  1e     376663243110 9 711   210.0  126.0
 2B  644.508154 2.730E-30 1.304E+00.06770.084 1105.96880.74-.000722       0 2 2 01       0 1 1 01                    Q 35e     376663243110 9 711  2130.0 2130.0
 2B  644.535438 3.650E-29 1.319E+00.06690.080  601.91050.75-.000753       0 1 1 01       0 0 0 01                    Q 40e     376663243110 9 711  2430.0 2430.0
 2B  644.574832 3.460E-30 1.306E+00.06750.084 1132.41260.74-.000728       0 2 2 01       0 1 1 01                    Q 36e     376663243110 9 711  3066.0 3066.0
 2B  644.611795 4.530E-29 1.321E+00.06680.080  631.98940.75-.000758       0 1 1 01       0 0 0 01                    Q 41e     376563243110 9 711  3486.0 3486.0
 2B  644.643336 2.220E-30 1.304E+00.06730.083 1159.58970.74-.000734       0 2 2 01       0 1 1 01                    Q 37e     376663243110 9 711  2250.0 2250.0
 2B  644.689980 2.850E-29 1.320E+00.06660.079  662.80020.75-.000764       0 1 1 01       0 0 0 01                    Q 42e     376563243110 9 711  2550.0 2550.0
 2B  644.713664 2.790E-30 1.306E+00.06720.082 1187.50000.75-.000741       0 2 2 01       0 1 1 01                    Q 38e     376663243110 9 711  3234.0 3234.0
 2B  644.769992 3.510E-29 1.323E+00.06650.078  694.34300.75-.000770       0 1 1 01       0 0 0 01                    Q 43e     376563243110 9 711  3654.0 3654.0
 2B  644.785814 1.780E-30 1.307E+00.06700.081 1216.14320.75-.000747       0 2 2 01       0 1 1 01                    Q 39e     376663243110 9 711  2370.0 2370.0
 2B  644.812083 3.090E-30 1.585E+00.09500.123  643.73790.690.000431       0 2 2 01       0 1 1 01                    R  1f     376663243110 9 711   210.0  126.0
 2B  644.813216 2.200E-30 1.579E+00.09500.123  643.73670.690.000431       0 2 2 01       0 1 1 01                    R  1e     376663243110 9 711   150.0   90.0
 2B  644.851828 2.190E-29 1.322E+00.06640.077  726.61750.74-.000776       0 1 1 01       0 0 0 01                    Q 44e     376563243110 9 711  2670.0 2670.0
 2B  644.859784 2.220E-30 1.310E+00.06690.080 1245.51940.75-.000753       0 2 2 01       0 1 1 01                    Q 40e     376663243110 9 711  3402.0 3402.0
 2B  644.935485 2.670E-29 1.322E+00.06630.077  759.62360.74-.000781       0 1 1 01       0 0 0 01                    Q 45e     376563243110 9 711  3822.0 3822.0
 2B  644.935572 1.400E-30 1.307E+00.06680.080 1275.62850.75-.000758       0 2 2 01       0 1 1 01                    Q 41e     376563243110 9 711  2490.0 2490.0
 2B  645.013175 1.730E-30 1.309E+00.06660.079 1306.47020.75-.000764       0 2 2 01       0 1 1 01                    Q 42e     376563243110 9 711  3570.0 3570.0
 2B  645.020962 1.650E-29 1.319E+00.06620.076  793.36120.74-.000787       0 1 1 01       0 0 0 01                    Q 46e     376563243110 9 711  2790.0 2790.0
 2B  645.092591 1.080E-30 1.303E+00.06650.078 1338.04460.75-.000770       0 2 2 01       0 1 1 01                    Q 43e     376563243110 9 711  2610.0 2610.0
 2B  645.108255 2.000E-29 1.322E+00.06620.075  827.83020.74-.000793       0 1 1 01       0 0 0 01                    Q 47e     376563243110 9 711  3990.0 3990.0
 2B  645.173817 1.330E-30 1.311E+00.06640.077 1370.35130.74-.000776       0 2 2 01       0 1 1 01                    Q 44e     376563243110 9 711  3738.0 3738.0
 2B  645.197363 1.230E-29 1.323E+00.06600.075  863.03040.74-.000798       0 1 1 01       0 0 0 01                    Q 48e     376563243110 9 711  2910.0 2910.0
 2B  645.209292 3.370E-29 7.652E-01.09050.120    2.20330.700.000477       0 1 1 01       0 0 0 01                    R  2e     376663243110 9 711   210.0  150.0
 2B  645.288281 1.470E-29 1.318E+00.06590.074  898.96170.74-.000803       0 1 1 01       0 0 0 01                    Q 49e     376563243110 9 711  4158.0 4158.0
 2B  645.341691 1.000E-30 1.306E+00.06620.076 1437.16170.74-.000787       0 2 2 01       0 1 1 01                    Q 46e     376563243110 9 711  3906.0 3906.0
 2B  645.381008 8.990E-30 1.322E+00.06580.074  935.62400.74-.000809       0 1 1 01       0 0 0 01                    Q 50e     376553243110 9 711  3030.0 3030.0
 2B  645.550572 2.440E-30 1.263E+00.09050.120  645.21050.700.000477       0 2 2 01       0 1 1 01                    R  2f     376663243110 9 711   210.0  150.0
 2B  645.553970 3.420E-30 1.264E+00.09050.120  645.20710.700.000477       0 2 2 01       0 1 1 01                    R  2e     376663243110 9 711   294.0  210.0
 2B  645.946682 5.850E-29 7.475E-01.08850.118    4.40650.690.000444       0 1 1 01       0 0 0 01                    R  3e     376663243110 9 711   378.0  294.0
 2B  646.289785 3.810E-30 1.110E+00.08850.118  647.41940.690.000444       0 2 2 01       0 1 1 01                    R  3f     376663243110 9 711   378.0  294.0
 2B  646.296580 2.720E-30 1.109E+00.08850.118  647.41260.690.000444       0 2 2 01       0 1 1 01                    R  3e     376663243110 9 711   270.0  210.0
 2B  646.684806 4.960E-29 7.380E-01.08660.116    7.34420.690.000389       0 1 1 01       0 0 0 01                    R  4e     476663243110 9 711   330.0  270.0
 2B  647.029717 3.020E-30 1.024E+00.08660.116  650.36450.690.000389       0 2 2 01       0 1 1 01                    R  4f     376663243110 9 711   330.0  270.0
 2B  647.041043 4.220E-30 1.022E+00.08660.116  650.35320.690.000389       0 2 2 01       0 1 1 01                    R  4e     376663243110 9 711   462.0  378.0
 2B  647.423661 7.980E-29 7.321E-01.08490.114   11.01630.680.000330       0 1 1 01       0 0 0 01                    R  5e     476663243110 9 711   546.0  462.0
 2B  647.770366 4.620E-30 9.662E-01.08490.114  654.04600.680.000330       0 2 2 01       0 1 1 01                    R  5f     376663243110 9 711   546.0  462.0
 2B  647.787356 3.300E-30 9.662E-01.08490.114  654.02900.680.000330       0 2 2 01       0 1 1 01                    R  5e     376663243110 9 711   390.0  330.0
 2B  648.163244 6.390E-29 7.282E-01.08340.112   15.42270.680.000272       0 1 1 01       0 0 0 01                    R  6e     476663243110 9 711   450.0  390.0
 2B  648.511730 3.580E-30 9.302E-01.08340.112  658.46370.680.000272       0 2 2 01       0 1 1 01                    R  6f     376663243110 9 711   450.0  390.0
 2B  648.535516 5.000E-30 9.279E-01.08340.112  658.43990.680.000272       0 2 2 01       0 1 1 01                    R  6e     376663243110 9 711   630.0  546.0
 2B  648.903553 9.850E-29 7.269E-01.08200.111   20.56350.680.000216       0 1 1 01       0 0 0 01                    R  7e     476663243110 9 711   714.0  630.0
 2B  649.253804 5.350E-30 9.002E-01.08200.111  663.61760.680.000216       0 2 2 01       0 1 1 01                    R  7f     376663243110 9 711   714.0  630.0
 2B  649.285520 3.820E-30 8.998E-01.08200.111  663.58590.680.000216       0 2 2 01       0 1 1 01                    R  7e     376663243110 9 711   510.0  450.0
 2B  649.644583 7.620E-29 7.264E-01.08080.109   26.43860.680.000162       0 1 1 01       0 0 0 01                    R  8e     476663243110 9 711   570.0  510.0
 2B  649.996586 4.050E-30 8.803E-01.08080.109  669.50780.680.000162       0 2 2 01       0 1 1 01                    R  8f     376663243110 9 711   570.0  510.0
 2B  650.037365 5.670E-30 8.802E-01.08080.109  669.46700.680.000162       0 2 2 01       0 1 1 01                    R  8e     376663243110 9 711   798.0  714.0
 2B  650.386332 1.140E-28 7.267E-01.07970.108   33.04810.680.000111       0 1 1 01       0 0 0 01                    R  9e     476663243110 9 711   882.0  798.0
 2B  650.740072 5.950E-30 8.650E-01.07970.108  676.13420.680.000111       0 2 2 01       0 1 1 01                    R  9f     376663243110 9 711   882.0  798.0
 2B  650.791049 4.250E-30 8.649E-01.07970.108  676.08320.680.000111       0 2 2 01       0 1 1 01                    R  9e     376663243110 9 711   630.0  570.0
 2B  651.128797 8.600E-29 7.278E-01.07870.107   40.39190.680.000062       0 1 1 01       0 0 0 01                    R 10e     476663243110 9 711   690.0  630.0
 2B  651.484259 4.420E-30 8.531E-01.07870.107  683.49670.680.000062       0 2 2 01       0 1 1 01                    R 10f     376663243110 9 711   690.0  630.0
 2B  651.546567 6.190E-30 8.533E-01.07870.107  683.43440.680.000062       0 2 2 01       0 1 1 01                    R 10e     376663243110 9 711   966.0  882.0
 2B  651.871974 1.260E-28 7.303E-01.07780.105   48.46990.680.000016       0 1 1 01       0 0 0 01                    R 11e     476663243110 9 711  1050.0  966.0
 2B  652.229144 6.380E-30 8.435E-01.07780.105  691.59540.680.000016       0 2 2 01       0 1 1 01                    R 11f     376663243110 9 711  1050.0  966.0
 2B  652.303917 4.560E-30 8.439E-01.07780.105  691.52070.680.000016       0 2 2 01       0 1 1 01                    R 11e     376663243110 9 711   750.0  690.0
 2B  652.615860 9.300E-29 7.309E-01.07700.104   57.28220.68-.000029       0 1 1 01       0 0 0 01                    R 12e     476663243110 9 711   810.0  750.0
 2B  652.974723 4.670E-30 8.372E-01.07700.104  700.43020.68-.000029       0 2 2 01       0 1 1 01                    R 12f     376663243110 9 711   810.0  750.0
 2B  653.063096 6.530E-30 8.361E-01.07700.104  700.34190.68-.000029       0 2 2 01       0 1 1 01                    R 12e     376663243110 9 711  1134.0 1050.0
 2B  653.360452 1.340E-28 7.352E-01.07620.103   66.82870.68-.000072       0 1 1 01       0 0 0 01                    R 13e     476663243110 9 711  1218.0 1134.0
 2B  653.720994 6.640E-30 8.311E-01.07620.103  710.00110.68-.000072       0 2 2 01       0 1 1 01                    R 13f     376663243110 9 711  1218.0 1134.0
 2B  653.824101 4.740E-30 8.305E-01.07620.103  709.89800.68-.000072       0 2 2 01       0 1 1 01                    R 13e     376663243110 9 711   870.0  810.0
 2B  654.105746 9.710E-29 7.350E-01.07550.102   77.10930.69-.000113       0 1 1 01       0 0 0 01                    R 14e     476663243110 9 711   930.0  870.0
 2B  654.467952 4.780E-30 8.256E-01.07550.102  720.30800.69-.000113       0 2 2 01       0 1 1 01                    R 14f     376663243110 9 711   930.0  870.0
 2B  654.586928 6.700E-30 8.264E-01.07550.102  720.18910.69-.000113       0 2 2 01       0 1 1 01                    R 14e     376663243110 9 711  1302.0 1218.0
 2B  654.851739 1.370E-28 7.357E-01.07480.101   88.12410.69-.000153       0 1 1 01       0 0 0 01                    R 15e     476663243110 9 711  1386.0 1302.0
 2B  655.215594 6.720E-30 8.235E-01.07480.101  731.35090.69-.000153       0 2 2 01       0 1 1 01                    R 15f     376663243110 9 711  1386.0 1302.0
 2B  655.351574 4.800E-30 8.233E-01.07480.101  731.21500.69-.000153       0 2 2 01       0 1 1 01                    R 15e     376663243110 9 711   990.0  930.0
 2B  655.598428 9.840E-29 7.401E-01.07420.100   99.87290.70-.000191       0 1 1 01       0 0 0 01                    R 16e     476663243110 9 711  1050.0  990.0
 2B  655.963917 4.780E-30 8.205E-01.07420.100  743.12980.70-.000191       0 2 2 01       0 1 1 01                    R 16f     376663243110 9 711  1050.0  990.0
 2B  656.118037 6.690E-30 8.200E-01.07420.100  742.97580.70-.000191       0 2 2 01       0 1 1 01                    R 16e     376663243110 9 711  1470.0 1386.0
 2B  656.345808 1.370E-28 7.413E-01.07370.099  112.35580.70-.000228       0 1 1 01       0 0 0 01                    R 17e     476663243110 9 711  1554.0 1470.0
 2B  656.712917 6.630E-30 8.190E-01.07370.099  755.64450.70-.000228       0 2 2 01       0 1 1 01                    R 17f     376663243110 9 711  1554.0 1470.0
 2B  656.886313 4.730E-30 8.177E-01.07370.099  755.47130.70-.000228       0 2 2 01       0 1 1 01                    R 17e     376663243110 9 711  1110.0 1050.0
 2B  657.093877 9.710E-29 7.458E-01.07310.098  125.57270.70-.000264       0 1 1 01       0 0 0 01                    R 18e     476663243110 9 711  1170.0 1110.0
 2B  657.462591 4.660E-30 8.171E-01.07310.098  768.89520.70-.000264       0 2 2 01       0 1 1 01                    R 18f     376663243110 9 711  1170.0 1110.0
 2B  657.656397 6.520E-30 8.163E-01.07310.098  768.70160.70-.000264       0 2 2 01       0 1 1 01                    R 18e     376663243110 9 711  1638.0 1554.0
 2B  657.842631 1.340E-28 7.499E-01.07260.097  139.52350.71-.000298       0 1 1 01       0 0 0 01                    R 19e     476663243110 9 711  1722.0 1638.0
 2B  658.212934 6.390E-30 8.166E-01.07260.097  782.88160.71-.000298       0 2 2 01       0 1 1 01                    R 19f     376663243110 9 711  1722.0 1638.0
 2B  658.428288 4.560E-30 8.155E-01.07260.097  782.66660.71-.000298       0 2 2 01       0 1 1 01                    R 19e     376663243110 9 711  1230.0 1170.0
 2B  658.592067 9.350E-29 7.518E-01.07220.096  154.20820.71-.000331       0 1 1 01       0 0 0 01                    R 20e     476663243110 9 711  1290.0 1230.0
 2B  658.963944 4.450E-30 8.172E-01.07220.096  797.60380.71-.000331       0 2 2 01       0 1 1 01                    R 20f     376663243110 9 711  1290.0 1230.0
 2B  659.201982 6.220E-30 8.155E-01.07220.096  797.36610.71-.000331       0 2 2 01       0 1 1 01                    R 20e     376663243110 9 711  1806.0 1722.0
 2B  659.342180 1.270E-28 7.528E-01.07170.095  169.62670.71-.000363       0 1 1 01       0 0 0 01                    R 21e     476663243110 9 711  1890.0 1806.0
 2B  659.715617 6.040E-30 8.179E-01.07170.095  813.06170.71-.000363       0 2 2 01       0 1 1 01                    R 21f     376663243110 9 711  1890.0 1806.0
 2B  659.977475 4.310E-30 8.166E-01.07170.095  812.80030.71-.000363       0 2 2 01       0 1 1 01                    R 21e     376663243110 9 711  1350.0 1290.0
 2B  660.092967 8.810E-29 7.588E-01.07130.095  185.77900.72-.000394       0 1 1 01       0 0 0 01                    R 22e     476663243110 9 711  1410.0 1350.0
 2B  660.467949 4.150E-30 8.167E-01.07130.095  829.25520.72-.000394       0 2 2 01       0 1 1 01                    R 22f     376663243110 9 711  1410.0 1350.0
 2B  660.754763 5.810E-30 8.162E-01.07130.095  828.96890.72-.000394       0 2 2 01       0 1 1 01                    R 22e     376663243110 9 711  1974.0 1890.0
 2B  660.844424 1.190E-28 7.639E-01.07090.094  202.66500.72-.000424       0 1 1 01       0 0 0 01                    R 23e     476663243110 9 711  2058.0 1974.0
 2B  661.220935 5.580E-30 8.186E-01.07090.094  846.18430.72-.000424       0 2 2 01       0 1 1 01                    R 23f     376663243110 9 711  2058.0 1974.0
 2B  661.533843 3.980E-30 8.169E-01.07090.094  845.87200.72-.000424       0 2 2 01       0 1 1 01                    R 23e     376663243110 9 711  1470.0 1410.0
 2B  661.596548 8.120E-29 7.654E-01.07060.093  220.28470.72-.000453       0 1 1 01       0 0 0 01                    R 24e     476663243110 9 711  1530.0 1470.0
 2B  661.974573 3.800E-30 8.188E-01.07060.093  863.84890.72-.000453       0 2 2 01       0 1 1 01                    R 24f     376663243110 9 711  1530.0 1470.0
 2B  662.314711 5.320E-30 8.182E-01.07060.093  863.50950.72-.000453       0 2 2 01       0 1 1 01                    R 24e     376663243110 9 711  2142.0 2058.0
 2B  662.349335 1.080E-28 7.667E-01.07020.092  238.63790.73-.000481       0 1 1 01       0 0 0 01                    R 25e     476663243110 9 711  2226.0 2142.0
 2B  662.728859 5.060E-30 8.212E-01.07020.092  882.24900.73-.000481       0 2 2 01       0 1 1 01                    R 25f     376663243110 9 711  2226.0 2142.0
 2B  663.097364 3.610E-30 8.197E-01.07020.092  881.88120.73-.000481       0 2 2 01       0 1 1 01                    R 25e     376663243110 9 711  1590.0 1530.0
 2B  663.102781 7.330E-29 7.719E-01.06990.091  257.72470.73-.000508       0 1 1 01       0 0 0 01                    R 26e     476663243110 9 711  1650.0 1590.0
 2B  663.483788 3.420E-30 8.236E-01.06990.091  901.38440.73-.000508       0 2 2 01       0 1 1 01                    R 26f     376663243110 9 711  1650.0 1590.0
 2B  663.856882 9.680E-29 7.752E-01.06960.090  277.54480.73-.000535       0 1 1 01       0 0 0 01                    R 27e     476663243110 9 711  2394.0 2310.0
 2B  663.881797 4.770E-30 8.198E-01.06990.091  900.98730.73-.000508       0 2 2 01       0 1 1 01                    R 26e     376663243110 9 711  2310.0 2226.0
 2B  664.239357 4.500E-30 8.244E-01.06960.090  921.25510.73-.000535       0 2 2 01       0 1 1 01                    R 27f     376663243110 9 711  2394.0 2310.0
 2B  664.611635 6.490E-29 7.785E-01.06930.089  298.09830.73-.000560       0 1 1 01       0 0 0 01                    R 28e     476663243110 9 711  1770.0 1710.0
 2B  664.668006 3.210E-30 8.226E-01.06960.090  920.82740.73-.000535       0 2 2 01       0 1 1 01                    R 27e     376663243110 9 711  1710.0 1650.0
 2B  664.995562 3.010E-30 8.261E-01.06930.089  941.86100.73-.000560       0 2 2 01       0 1 1 01                    R 28f     376663243110 9 711  1770.0 1710.0
 2B  665.367034 8.500E-29 7.829E-01.06900.088  319.38510.74-.000585       0 1 1 01       0 0 0 01                    R 29e     476663243110 9 711  2562.0 2478.0
 2B  665.455987 4.210E-30 8.246E-01.06930.089  941.40170.73-.000560       0 2 2 01       0 1 1 01                    R 28e     376663243110 9 711  2478.0 2394.0
 2B  665.752399 3.930E-30 8.284E-01.06900.088  963.20200.74-.000585       0 2 2 01       0 1 1 01                    R 29f     376663243110 9 711  2562.0 2478.0
 2B  666.123077 5.650E-29 7.868E-01.06880.088  341.40510.74-.000609       0 1 1 01       0 0 0 01                    R 30e     476663243110 9 711  1890.0 1830.0
 2B  666.245737 2.800E-30 8.255E-01.06900.088  962.71000.74-.000585       0 2 2 01       0 1 1 01                    R 29e     376663243110 9 711  1830.0 1770.0
 2B  666.509863 2.610E-30 8.320E-01.06880.088  985.27810.74-.000609       0 2 2 01       0 1 1 01                    R 30f     376663243110 9 711  1890.0 1830.0
 2B  666.879759 7.320E-29 7.899E-01.06850.087  364.15820.74-.000632       0 1 1 01       0 0 0 01                    R 31e     476663243110 9 711  2730.0 2646.0
 2B  667.037250 3.640E-30 8.279E-01.06880.088  984.75220.74-.000609       0 2 2 01       0 1 1 01                    R 30e     376663243110 9 711  2646.0 2562.0
 2B  667.267951 3.370E-30 8.327E-01.06850.087 1008.08910.74-.000632       0 2 2 01       0 1 1 01                    R 31f     376663243110 9 711  2730.0 2646.0
 2B  667.637077 4.820E-29 7.935E-01.06830.086  387.64430.74-.000655       0 1 1 01       0 0 0 01                    R 32e     476663243110 9 711  2010.0 1950.0
 2B  667.830522 2.400E-30 8.293E-01.06850.087 1007.52820.74-.000632       0 2 2 01       0 1 1 01                    R 31e     376663243110 9 711  1950.0 1890.0
 2B  668.026659 2.210E-30 8.334E-01.06830.086 1031.63500.74-.000655       0 2 2 01       0 1 1 01                    R 32f     376663243110 9 711  2010.0 1950.0
 2B  668.395026 6.190E-29 7.968E-01.06810.085  411.86330.74-.000677       0 1 1 01       0 0 0 01                    R 33e     476663243110 9 711  2898.0 2814.0
 2B  668.625550 3.090E-30 8.313E-01.06830.086 1031.03800.74-.000655       0 2 2 01       0 1 1 01                    R 32e     376663243110 9 711  2814.0 2730.0
 2B  668.785983 2.840E-30 8.377E-01.06810.085 1055.91560.74-.000677       0 2 2 01       0 1 1 01                    R 33f     376663243110 9 711  2898.0 2814.0
 2B  669.153602 4.040E-29 8.005E-01.06790.084  436.81520.74-.000698       0 1 1 01       0 0 0 01                    R 34e     376663243110 9 711  2130.0 2070.0
 2B  669.422327 2.030E-30 8.371E-01.06810.085 1055.28140.74-.000677       0 2 2 01       0 1 1 01                    R 33e     376663243110 9 711  2070.0 2010.0
 2B  669.545917 1.850E-30 8.402E-01.06790.084 1080.93120.74-.000698       0 2 2 01       0 1 1 01                    R 34f     376663243110 9 711  2130.0 2070.0
 2B  669.912801 5.150E-29 8.049E-01.06770.084  462.49980.74-.000719       0 1 1 01       0 0 0 01                    R 35e     376663243110 9 711  3066.0 2982.0
 2B  670.220849 2.590E-30 8.390E-01.06790.084 1080.25840.74-.000698       0 2 2 01       0 1 1 01                    R 34e     376663243110 9 711  2982.0 2898.0
 2B  670.306459 2.350E-30 8.421E-01.06770.084 1106.68100.74-.000719       0 2 2 01       0 1 1 01                    R 35f     376663243110 9 711  3066.0 2982.0
 2B  670.672619 3.330E-29 8.081E-01.06750.083  488.91710.74-.000739       0 1 1 01       0 0 0 01                    R 36e     376663243110 9 711  2250.0 2190.0
 2B  671.021111 1.680E-30 8.416E-01.06770.084 1105.96880.74-.000719       0 2 2 01       0 1 1 01                    R 35e     376663243110 9 711  2190.0 2130.0
 2B  671.067604 1.520E-30 8.460E-01.06750.083 1133.16550.74-.000739       0 2 2 01       0 1 1 01                    R 36f     376663243110 9 711  2250.0 2190.0
 2B  671.433051 4.210E-29 8.127E-01.06730.082  516.06690.75-.000758       0 1 1 01       0 0 0 01                    R 37e     376663243110 9 711  3234.0 3150.0
 2B  671.823108 2.120E-30 8.415E-01.06750.083 1132.41260.74-.000739       0 2 2 01       0 1 1 01                    R 36e     376663243110 9 711  3150.0 3066.0
 2B  671.829348 1.920E-30 8.504E-01.06730.082 1160.38430.75-.000758       0 2 2 01       0 1 1 01                    R 37f     376663243110 9 711  3234.0 3150.0
 2B  672.194094 2.700E-29 8.162E-01.06720.081  543.94910.75-.000777       0 1 1 01       0 0 0 01                    R 38e     376663243110 9 711  2370.0 2310.0
 2B  672.591685 1.230E-30 8.534E-01.06720.081 1188.33740.75-.000777       0 2 2 01       0 1 1 01                    R 38f     376663243110 9 711  2370.0 2310.0
 2B  672.626834 1.370E-30 8.481E-01.06730.082 1159.58970.75-.000758       0 2 2 01       0 1 1 01                    R 37e     376663243110 9 711  2310.0 2250.0
 2B  672.955743 3.380E-29 8.198E-01.06700.080  572.56370.75-.000795       0 1 1 01       0 0 0 01                    R 39e     376663243110 9 711  3402.0 3318.0
 2B  673.354613 1.540E-30 8.576E-01.06700.080 1217.02470.75-.000795       0 2 2 01       0 1 1 01                    R 39f     376663243110 9 711  3402.0 3318.0
 2B  673.432284 1.710E-30 8.460E-01.06720.081 1187.50000.75-.000777       0 2 2 01       0 1 1 01                    R 38e     376663243110 9 711  3318.0 3234.0
 2B  673.717993 2.150E-29 8.234E-01.06690.080  601.91050.75-.000813       0 1 1 01       0 0 0 01                    R 40e     376663243110 9 711  2490.0 2430.0
 2B  674.239453 1.090E-30 8.482E-01.06700.080 1216.14320.75-.000795       0 2 2 01       0 1 1 01                    R 39e     376663243110 9 711  2430.0 2370.0
 2B  674.242610 1.080E-30 3.139E-01.06830.087 1031.03800.74-.000730       1 0 0 01       0 1 1 01                    P 32e     376663243110 9 711  2646.0 2730.0
 2B  674.480841 2.670E-29 8.273E-01.06680.079  631.98940.75-.000830       0 1 1 01       0 0 0 01                    R 41e     376563243110 9 711  3570.0 3486.0
 2B  674.882221 1.210E-30 8.614E-01.06680.079 1276.60120.75-.000830       0 2 2 01       0 1 1 01                    R 41f     376563243110 9 711  3570.0 3486.0
 2B  675.048333 1.360E-30 8.529E-01.06690.080 1245.51940.75-.000813       0 2 2 01       0 1 1 01                    R 40e     376663243110 9 711  3486.0 3402.0
 2B  675.244281 1.690E-29 8.337E-01.06660.078  662.80020.75-.000847       0 1 1 01       0 0 0 01                    R 42e     376563243110 9 711  2610.0 2550.0
 2B  675.769578 1.270E-30 3.161E-01.06880.088  984.75220.74-.000752       1 0 0 01       0 1 1 01                    P 30e     376663243110 9 711  2478.0 2562.0
 2B  676.008310 2.080E-29 8.370E-01.06650.077  694.34300.74-.000863       0 1 1 01       0 0 0 01                    R 43e     376563243110 9 711  3738.0 3654.0
 2B  676.671206 1.060E-30 8.567E-01.06660.078 1306.47020.75-.000847       0 2 2 01       0 1 1 01                    R 42e     376563243110 9 711  3654.0 3570.0
 2B  676.772923 1.300E-29 8.397E-01.06640.077  726.61750.74-.000879       0 1 1 01       0 0 0 01                    R 44e     376563243110 9 711  2730.0 2670.0
 2B  677.293462 1.480E-30 3.214E-01.06930.090  941.40170.73-.000777       1 0 0 01       0 1 1 01                    P 28e     376663243110 9 711  2310.0 2394.0
 2B  677.538116 1.590E-29 8.445E-01.06630.076  759.62360.74-.000895       0 1 1 01       0 0 0 01                    R 45e     376563243110 9 711  3906.0 3822.0
 2B  678.054210 1.130E-30 3.232E-01.06960.091  920.82740.73-.000790       1 0 0 01       0 1 1 01                    P 27e     376663243110 9 711  1590.0 1650.0
 2B  678.303883 9.870E-30 8.483E-01.06620.075  793.36120.74-.000910       0 1 1 01       0 0 0 01                    R 46e     376563243110 9 711  2850.0 2790.0
 2B  678.814143 1.690E-30 3.265E-01.06990.092  900.98730.73-.000803       1 0 0 01       0 1 1 01                    P 26e     376663243110 9 711  2142.0 2226.0
 2B  679.070221 1.200E-29 8.549E-01.06620.075  827.83020.74-.000924       0 1 1 01       0 0 0 01                    R 47e     376563243110 9 711  4074.0 3990.0
 2B  679.573247 1.280E-30 3.291E-01.07020.093  881.88120.72-.000818       1 0 0 01       0 1 1 01                    P 25e     376663243110 9 711  1470.0 1530.0
 2B  679.837124 7.370E-30 8.564E-01.06600.074  863.03040.74-.000939       0 1 1 01       0 0 0 01                    R 48e     376563243110 9 711  2970.0 2910.0
 2B  680.331509 1.890E-30 3.317E-01.07060.094  863.50950.72-.000833       1 0 0 01       0 1 1 01                    P 24e     376663243110 9 711  1974.0 2058.0
 2B  680.604588 8.860E-30 8.602E-01.06590.074  898.96170.74-.000952       0 1 1 01       0 0 0 01                    R 49e     376563243110 9 711  4242.0 4158.0
 2B  681.088916 1.410E-30 3.328E-01.07090.095  845.87200.72-.000849       1 0 0 01       0 1 1 01                    P 23e     376663243110 9 711  1350.0 1410.0
 2B  681.845455 2.060E-30 3.354E-01.07130.095  828.96890.71-.000866       1 0 0 01       0 1 1 01                    P 22e     376663243110 9 711  1806.0 1890.0
 2B  682.601115 1.530E-30 3.389E-01.07170.096  812.80030.71-.000883       1 0 0 01       0 1 1 01                    P 21e     376663243110 9 711  1230.0 1290.0
 2B  683.355885 2.210E-30 3.417E-01.07220.097  797.36610.71-.000901       1 0 0 01       0 1 1 01                    P 20e     376663243110 9 711  1638.0 1722.0
 2B  684.109751 1.620E-30 3.448E-01.07260.098  782.66660.70-.000920       1 0 0 01       0 1 1 01                    P 19e     376663243110 9 711  1110.0 1170.0
 2B  684.862706 2.310E-30 3.476E-01.07310.099  768.70160.70-.000940       1 0 0 01       0 1 1 01                    P 18e     376663243110 9 711  1470.0 1554.0
 2B  685.614737 1.670E-30 3.507E-01.07370.100  755.47130.70-.000961       1 0 0 01       0 1 1 01                    P 17e     376663243110 9 711   990.0 1050.0
 2B  686.365835 2.360E-30 3.553E-01.07420.101  742.97580.69-.000982       1 0 0 01       0 1 1 01                    P 16e     376663243110 9 711  1302.0 1386.0
 2B  687.115990 1.680E-30 3.582E-01.07480.102  731.21500.69-.001005       1 0 0 01       0 1 1 01                    P 15e     376663243110 9 711   870.0  930.0
 2B  687.865195 2.340E-30 3.636E-01.07550.103  720.18910.68-.001028       1 0 0 01       0 1 1 01                    P 14e     376663243110 9 711  1134.0 1218.0
 2B  688.613439 1.640E-30 3.672E-01.07620.104  709.89800.68-.001052       1 0 0 01       0 1 1 01                    P 13e     376663243110 9 711   750.0  810.0
 2B  689.360715 2.240E-30 3.725E-01.07700.105  700.34190.68-.001077       1 0 0 01       0 1 1 01                    P 12e     376663243110 9 711   966.0 1050.0
 2B  690.107015 1.550E-30 3.794E-01.07780.107  691.52070.68-.001103       1 0 0 01       0 1 1 01                    P 11e     376663243110 9 711   630.0  690.0
 2B  690.852332 2.070E-30 3.854E-01.07870.108  683.43440.68-.001129       1 0 0 01       0 1 1 01                    P 10e     376663243110 9 711   798.0  882.0
 2B  691.596659 1.400E-30 3.943E-01.07970.109  676.08320.68-.001156       1 0 0 01       0 1 1 01                    P  9e     376663243110 9 711   510.0  570.0
 2B  692.339988 1.830E-30 4.049E-01.08080.111  669.46700.68-.001184       1 0 0 01       0 1 1 01                    P  8e     376663243110 9 711   630.0  714.0
 2B  693.082315 1.200E-30 4.176E-01.08200.112  663.58590.68-.001211       1 0 0 01       0 1 1 01                    P  7e     376663243110 9 711   390.0  450.0
 2B  693.823633 1.510E-30 4.335E-01.08340.114  658.43990.68-.001238       1 0 0 01       0 1 1 01                    P  6e     376663243110 9 711   462.0  546.0
 2B  695.303223 1.130E-30 4.921E-01.08660.118  650.35320.69-.001279       1 0 0 01       0 1 1 01                    P  4e     376663243110 9 711   294.0  378.0
 2B  696.601359 1.230E-30 7.485E-01.06700.081 1217.02470.75-.000700       1 0 0 01       0 1 1 01                    Q 39f     376663243110 9 711  3318.0 3318.0
 2B  696.760182 1.530E-30 7.450E-01.06730.083 1160.38430.74-.000689       1 0 0 01       0 1 1 01                    Q 37f     376663243110 9 711  3150.0 3150.0
 2B  696.836811 1.210E-30 7.425E-01.06750.084 1133.16550.74-.000683       1 0 0 01       0 1 1 01                    Q 36f     376663243110 9 711  2190.0 2190.0
 2B  696.911560 1.860E-30 7.372E-01.06770.084 1106.68100.74-.000677       1 0 0 01       0 1 1 01                    Q 35f     376663243110 9 711  2982.0 2982.0
 2B  696.984416 1.460E-30 7.356E-01.06790.085 1080.93120.74-.000672       1 0 0 01       0 1 1 01                    Q 34f     376663243110 9 711  2070.0 2070.0
 2B  697.055361 2.240E-30 7.353E-01.06810.086 1055.91560.74-.000666       1 0 0 01       0 1 1 01                    Q 33f     376663243110 9 711  2814.0 2814.0
 2B  697.124381 1.740E-30 7.327E-01.06830.087 1031.63500.74-.000660       1 0 0 01       0 1 1 01                    Q 32f     376663243110 9 711  1950.0 1950.0
 2B  697.191461 2.640E-30 7.308E-01.06850.088 1008.08910.74-.000653       1 0 0 01       0 1 1 01                    Q 31f     376663243110 9 711  2646.0 2646.0
 2B  697.256587 2.030E-30 7.273E-01.06880.088  985.27810.74-.000647       1 0 0 01       0 1 1 01                    Q 30f     376663243110 9 711  1830.0 1830.0
 2B  697.319745 3.060E-30 7.274E-01.06900.089  963.20200.73-.000641       1 0 0 01       0 1 1 01                    Q 29f     376663243110 9 711  2478.0 2478.0
 2B  697.380921 2.340E-30 7.268E-01.06930.090  941.86100.73-.000635       1 0 0 01       0 1 1 01                    Q 28f     376663243110 9 711  1710.0 1710.0
 2B  697.440104 3.480E-30 7.239E-01.06960.091  921.25510.73-.000628       1 0 0 01       0 1 1 01                    Q 27f     376663243110 9 711  2310.0 2310.0
 2B  697.497280 2.630E-30 7.218E-01.06990.092  901.38440.73-.000622       1 0 0 01       0 1 1 01                    Q 26f     376663243110 9 711  1590.0 1590.0
 2B  697.552438 3.880E-30 7.203E-01.07020.093  882.24900.72-.000615       1 0 0 01       0 1 1 01                    Q 25f     376663243110 9 711  2142.0 2142.0
 2B  697.605566 2.910E-30 7.200E-01.07060.094  863.84890.72-.000609       1 0 0 01       0 1 1 01                    Q 24f     376663243110 9 711  1470.0 1470.0
 2B  697.656654 4.240E-30 7.170E-01.07090.095  846.18430.72-.000602       1 0 0 01       0 1 1 01                    Q 23f     376663243110 9 711  1974.0 1974.0
 2B  697.705691 3.140E-30 7.152E-01.07130.095  829.25520.71-.000595       1 0 0 01       0 1 1 01                    Q 22f     376663243110 9 711  1350.0 1350.0
 2B  697.752667 4.540E-30 7.146E-01.07170.096  813.06170.71-.000588       1 0 0 01       0 1 1 01                    Q 21f     376663243110 9 711  1806.0 1806.0
 2B  697.797573 3.330E-30 7.139E-01.07220.097  797.60380.71-.000580       1 0 0 01       0 1 1 01                    Q 20f     376663243110 9 711  1230.0 1230.0
 2B  697.840399 4.750E-30 7.120E-01.07260.098  782.88160.70-.000573       1 0 0 01       0 1 1 01                    Q 19f     376663243110 9 711  1638.0 1638.0
 2B  697.881137 3.440E-30 7.110E-01.07310.099  768.89520.70-.000565       1 0 0 01       0 1 1 01                    Q 18f     376663243110 9 711  1110.0 1110.0
 2B  697.919778 4.850E-30 7.098E-01.07370.100  755.64450.70-.000558       1 0 0 01       0 1 1 01                    Q 17f     376663243110 9 711  1470.0 1470.0
 2B  697.956315 3.470E-30 7.096E-01.07420.101  743.12980.69-.000550       1 0 0 01       0 1 1 01                    Q 16f     376663243110 9 711   990.0  990.0
 2B  697.990740 4.820E-30 7.078E-01.07480.102  731.35090.69-.000541       1 0 0 01       0 1 1 01                    Q 15f     376663243110 9 711  1302.0 1302.0
 2B  698.023047 3.390E-30 7.062E-01.07550.103  720.30800.68-.000533       1 0 0 01       0 1 1 01                    Q 14f     376663243110 9 711   870.0  870.0
 2B  698.053229 4.640E-30 7.053E-01.07620.104  710.00110.68-.000523       1 0 0 01       0 1 1 01                    Q 13f     376663243110 9 711  1134.0 1134.0
 2B  698.081281 3.210E-30 7.043E-01.07700.105  700.43020.68-.000514       1 0 0 01       0 1 1 01                    Q 12f     376663243110 9 711   750.0  750.0
 2B  698.107196 4.320E-30 7.050E-01.07780.107  691.59540.68-.000504       1 0 0 01       0 1 1 01                    Q 11f     376663243110 9 711   966.0  966.0
 2B  698.130969 2.920E-30 7.025E-01.07870.108  683.49670.68-.000493       1 0 0 01       0 1 1 01                    Q 10f     376663243110 9 711   630.0  630.0
 2B  698.152596 3.840E-30 7.038E-01.07970.109  676.13420.68-.000481       1 0 0 01       0 1 1 01                    Q  9f     376663243110 9 711   798.0  798.0
 2B  698.172072 2.530E-30 7.026E-01.08080.111  669.50780.68-.000469       1 0 0 01       0 1 1 01                    Q  8f     376663243110 9 711   510.0  510.0
 2B  698.189394 3.210E-30 7.013E-01.08200.112  663.61760.68-.000455       1 0 0 01       0 1 1 01                    Q  7f     376663243110 9 711   630.0  630.0
 2B  698.204558 2.040E-30 7.022E-01.08340.114  658.46370.68-.000440       1 0 0 01       0 1 1 01                    Q  6f     376663243110 9 711   390.0  390.0
 2B  698.217562 2.470E-30 7.025E-01.08490.116  654.04600.69-.000423       1 0 0 01       0 1 1 01                    Q  5f     376663243110 9 711   462.0  462.0
 2B  698.228402 1.470E-30 7.027E-01.08660.118  650.36450.69-.000404       1 0 0 01       0 1 1 01                    Q  4f     376663243110 9 711   270.0  270.0
 2B  698.237077 1.620E-30 7.011E-01.08850.120  647.41940.70-.000383       1 0 0 01       0 1 1 01                    Q  3f     376663243110 9 711   294.0  294.0
 2B  703.367126 1.340E-30 2.895E-01.08340.112  658.43990.680.000302       1 0 0 01       0 1 1 01                    R  6e     376663243110 9 711   630.0  546.0
 2B  704.093951 1.090E-30 2.988E-01.08200.111  663.58590.680.000246       1 0 0 01       0 1 1 01                    R  7e     376663243110 9 711   510.0  450.0
 2B  704.819730 1.710E-30 3.089E-01.08080.109  669.46700.680.000194       1 0 0 01       0 1 1 01                    R  8e     376663243110 9 711   798.0  714.0
 2B  705.544465 1.330E-30 3.149E-01.07970.108  676.08320.680.000144       1 0 0 01       0 1 1 01                    R  9e     376663243110 9 711   630.0  570.0
 2B  706.268157 2.010E-30 3.223E-01.07870.107  683.43440.680.000096       1 0 0 01       0 1 1 01                    R 10e     376663243110 9 711   966.0  882.0
 2B  706.990806 1.520E-30 3.271E-01.07780.105  691.52070.680.000050       1 0 0 01       0 1 1 01                    R 11e     376663243110 9 711   750.0  690.0
 2B  707.712416 2.230E-30 3.319E-01.07700.104  700.34190.680.000005       1 0 0 01       0 1 1 01                    R 12e     376663243110 9 711  1134.0 1050.0
 2B  708.432988 1.650E-30 3.360E-01.07620.103  709.89800.68-.000037       1 0 0 01       0 1 1 01                    R 13e     376663243110 9 711   870.0  810.0
 2B  709.152526 2.380E-30 3.411E-01.07550.102  720.18910.69-.000078       1 0 0 01       0 1 1 01                    R 14e     376663243110 9 711  1302.0 1218.0
 2B  709.871032 1.730E-30 3.447E-01.07480.101  731.21500.69-.000117       1 0 0 01       0 1 1 01                    R 15e     376663243110 9 711   990.0  930.0
 2B  710.588511 2.450E-30 3.488E-01.07420.100  742.97580.70-.000154       1 0 0 01       0 1 1 01                    R 16e     376663243110 9 711  1470.0 1386.0
 2B  711.304966 1.750E-30 3.512E-01.07370.099  755.47130.70-.000191       1 0 0 01       0 1 1 01                    R 17e     376663243110 9 711  1110.0 1050.0
 2B  712.020403 2.450E-30 3.560E-01.07310.098  768.70160.70-.000226       1 0 0 01       0 1 1 01                    R 18e     376663243110 9 711  1638.0 1554.0
 2B  712.734825 1.730E-30 3.590E-01.07260.097  782.66660.71-.000260       1 0 0 01       0 1 1 01                    R 19e     376663243110 9 711  1230.0 1170.0
 2B  713.448239 2.380E-30 3.619E-01.07220.096  797.36610.71-.000292       1 0 0 01       0 1 1 01                    R 20e     376663243110 9 711  1806.0 1722.0
 2B  714.160651 1.660E-30 3.647E-01.07170.095  812.80030.71-.000324       1 0 0 01       0 1 1 01                    R 21e     376663243110 9 711  1350.0 1290.0
 2B  714.872066 2.260E-30 3.680E-01.07130.095  828.96890.72-.000354       1 0 0 01       0 1 1 01                    R 22e     376663243110 9 711  1974.0 1890.0
 2B  715.582491 1.560E-30 3.711E-01.07090.094  845.87200.72-.000384       1 0 0 01       0 1 1 01                    R 23e     376663243110 9 711  1470.0 1410.0
 2B  716.291934 2.100E-30 3.742E-01.07060.093  863.50950.72-.000413       1 0 0 01       0 1 1 01                    R 24e     376663243110 9 711  2142.0 2058.0
 2B  717.000401 1.430E-30 3.760E-01.07020.092  881.88120.73-.000440       1 0 0 01       0 1 1 01                    R 25e     376663243110 9 711  1590.0 1530.0
 2B  717.707902 1.900E-30 3.781E-01.06990.091  900.98730.73-.000467       1 0 0 01       0 1 1 01                    R 26e     376663243110 9 711  2310.0 2226.0
 2B  718.414444 1.290E-30 3.826E-01.06960.090  920.82740.73-.000493       1 0 0 01       0 1 1 01                    R 27e     376663243110 9 711  1710.0 1650.0
 2B  719.120036 1.690E-30 3.829E-01.06930.089  941.40170.73-.000518       1 0 0 01       0 1 1 01                    R 28e     376663243110 9 711  2478.0 2394.0
 2B  719.824689 1.130E-30 3.853E-01.06900.088  962.71000.74-.000542       1 0 0 01       0 1 1 01                    R 29e     376663243110 9 711  1830.0 1770.0
 2B  720.528410 1.480E-30 3.892E-01.06880.088  984.75220.74-.000566       1 0 0 01       0 1 1 01                    R 30e     376663243110 9 711  2646.0 2562.0
 2B  721.933104 1.270E-30 3.947E-01.06830.086 1031.03800.74-.000611       1 0 0 01       0 1 1 01                    R 32e     376663243110 9 711  2814.0 2730.0
 2B  723.334205 1.070E-30 4.001E-01.06790.084 1080.25840.74-.000653       1 0 0 01       0 1 1 01                    R 34e     376663243110 9 711  2982.0 2898.0
 2B 2207.473851 1.100E-30 1.714E+02.06690.080 1890.37920.75-.003219       0 2 2 11       0 2 2 01                    P 40f     376663243110 9 711  3318.0 3402.0
 2B 2208.423590 1.240E-30 1.719E+02.06700.081 1860.93230.75-.003206       0 2 2 11       0 2 2 01                    P 39e     376663243110 9 711  3234.0 3318.0
 2B 2209.224666 4.460E-30 1.728E+02.06580.074 1581.00500.74-.003362       0 1 1 11       0 1 1 01                    P 50f     476553243110 9 711  2970.0 3030.0
 2B 2209.321532 6.280E-30 1.726E+02.06580.074 1579.56630.74-.003362       0 1 1 11       0 1 1 01                    P 50e     476553243110 9 711  4158.0 4242.0
 2B 2209.365562 1.390E-30 1.722E+02.06720.082 1832.21360.75-.003192       0 2 2 11       0 2 2 01                    P 38f     376663243110 9 711  3150.0 3234.0
 2B 2209.388045 1.200E-30 1.707E+02.06680.080 1876.40730.75-.003233       1 0 0 12       1 0 0 02                    P 41e     376563243110 9 711  3402.0 3486.0
 2B 2210.229006 7.310E-30 1.729E+02.06590.074 1544.25000.74-.003347       0 1 1 11       0 1 1 01                    P 49f     476563243110 9 711  4074.0 4158.0
 2B 2210.303371 1.100E-30 1.713E+02.06730.083 1804.23320.74-.003179       0 2 2 11       0 2 2 01                    P 37f     376663243110 9 711  2190.0 2250.0
 2B 2210.304314 1.540E-30 1.713E+02.06730.083 1804.23580.74-.003179       0 2 2 11       0 2 2 01                    P 37e     376663243110 9 711  3066.0 3150.0
 2B 2210.323097 5.260E-30 1.730E+02.06590.074 1542.86760.74-.003347       0 1 1 11       0 1 1 01                    P 49e     476563243110 9 711  2910.0 2970.0
 2B 2211.227950 6.100E-30 1.733E+02.06600.075 1508.22780.74-.003333       0 1 1 11       0 1 1 01                    P 48f     476563243110 9 711  2850.0 2910.0
 2B 2211.235812 1.720E-30 1.724E+02.06750.084 1776.98750.74-.003167       0 2 2 11       0 2 2 01                    P 36f     376663243110 9 711  2982.0 3066.0
 2B 2211.236641 1.230E-30 1.726E+02.06750.084 1776.98990.74-.003167       0 2 2 11       0 2 2 01                    P 36e     376663243110 9 711  2130.0 2190.0
 2B 2211.279092 1.520E-30 1.706E+02.06700.081 1816.93730.75-.003206       1 0 0 12       1 0 0 02                    P 39e     376663243110 9 711  3234.0 3318.0
 2B 2211.319304 8.590E-30 1.732E+02.06600.075 1506.90040.74-.003333       0 1 1 11       0 1 1 01                    P 48e     476563243110 9 711  3990.0 4074.0
 2B 2212.162881 1.360E-30 1.728E+02.06770.084 1750.47710.74-.003154       0 2 2 11       0 2 2 01                    P 35f     376663243110 9 711  2070.0 2130.0
 2B 2212.163607 1.900E-30 1.724E+02.06770.084 1750.47920.74-.003154       0 2 2 11       0 2 2 01                    P 35e     376663243110 9 711  2898.0 2982.0
 2B 2212.216716 1.220E-30 1.714E+02.06720.082 1788.30080.75-.003192       1 0 0 12       1 0 0 02                    P 38e     376663243110 9 711  2250.0 2310.0
 2B 2212.221495 9.930E-30 1.735E+02.06620.075 1472.93840.74-.003318       0 1 1 11       0 1 1 01                    P 47f     476563243110 9 711  3906.0 3990.0
 2B 2212.310147 7.130E-30 1.734E+02.06620.075 1471.66500.74-.003318       0 1 1 11       0 1 1 01                    P 47e     476563243110 9 711  2790.0 2850.0
 2B 2212.738047 1.180E-30 1.701E+02.06730.083 1857.14450.74-.003179       1 0 0 11       1 0 0 01                    P 37e     376663243110 9 711  3066.0 3150.0
 2B 2213.084574 2.090E-30 1.725E+02.06790.085 1724.70170.74-.003142       0 2 2 11       0 2 2 01                    P 34f     376663243110 9 711  2814.0 2898.0
 2B 2213.085208 1.490E-30 1.722E+02.06790.085 1724.70370.74-.003142       0 2 2 11       0 2 2 01                    P 34e     376663243110 9 711  2010.0 2070.0
 2B 2213.149070 1.900E-30 1.712E+02.06730.083 1760.39710.74-.003179       1 0 0 12       1 0 0 02                    P 37e     376663243110 9 711  3066.0 3150.0
 2B 2213.209639 8.210E-30 1.737E+02.06620.076 1438.38220.74-.003303       0 1 1 11       0 1 1 01                    P 46f     476563243110 9 711  2730.0 2790.0
 2B 2213.295625 1.160E-29 1.743E+02.06620.076 1437.16170.74-.003303       0 1 1 11       0 1 1 01                    P 46e     476563243110 9 711  3822.0 3906.0
 2B 2214.000889 1.640E-30 1.731E+02.06810.086 1699.66170.74-.003130       0 2 2 11       0 2 2 01                    P 33f     376663243110 9 711  1950.0 2010.0
 2B 2214.001440 2.290E-30 1.726E+02.06810.086 1699.66350.74-.003130       0 2 2 11       0 2 2 01                    P 33e     376663243110 9 711  2730.0 2814.0
 2B 2214.076152 1.510E-30 1.718E+02.06750.084 1733.22620.74-.003167       1 0 0 12       1 0 0 02                    P 36e     376663243110 9 711  2130.0 2190.0
 2B 2214.192377 1.320E-29 1.732E+02.06630.077 1404.55910.74-.003289       0 1 1 11       0 1 1 01                    P 45f     476563243110 9 711  3738.0 3822.0
 2B 2214.275733 9.520E-30 1.739E+02.06630.077 1403.39040.74-.003289       0 1 1 11       0 1 1 01                    P 45e     476563243110 9 711  2670.0 2730.0
 2B 2214.604325 1.440E-30 1.696E+02.06770.084 1803.59270.74-.003154       1 0 0 11       1 0 0 01                    P 35e     376663243110 9 711  2898.0 2982.0
 2B 2214.911822 2.500E-30 1.729E+02.06830.087 1675.35710.74-.003118       0 2 2 11       0 2 2 01                    P 32f     376663243110 9 711  2646.0 2730.0
 2B 2214.912298 1.790E-30 1.733E+02.06830.087 1675.35860.74-.003118       0 2 2 11       0 2 2 01                    P 32e     376663243110 9 711  1890.0 1950.0
 2B 2214.997957 2.330E-30 1.714E+02.06770.084 1706.78820.74-.003154       1 0 0 12       1 0 0 02                    P 35e     376663243110 9 711  2898.0 2982.0
 2B 2215.169706 1.090E-29 1.745E+02.06640.077 1371.46940.74-.003275       0 1 1 11       0 1 1 01                    P 44f     476563243110 9 711  2610.0 2670.0
 2B 2215.250468 1.530E-29 1.740E+02.06640.077 1370.35130.74-.003275       0 1 1 11       0 1 1 01                    P 44e     476563243110 9 711  3654.0 3738.0
 2B 2215.529123 1.140E-30 1.710E+02.06790.085 1777.91550.74-.003142       1 0 0 11       1 0 0 01                    P 34e     376663243110 9 711  2010.0 2070.0
 2B 2215.817370 1.940E-30 1.732E+02.06850.088 1651.78780.74-.003107       0 2 2 11       0 2 2 01                    P 31f     376663243110 9 711  1830.0 1890.0
 2B 2215.817779 2.710E-30 1.728E+02.06850.088 1651.78940.74-.003107       0 2 2 11       0 2 2 01                    P 31e     376663243110 9 711  2562.0 2646.0
 2B 2215.914482 1.830E-30 1.715E+02.06790.085 1681.08310.74-.003142       1 0 0 12       1 0 0 02                    P 34e     376663243110 9 711  2010.0 2070.0
 2B 2216.141624 1.740E-29 1.742E+02.06650.078 1339.11300.75-.003261       0 1 1 11       0 1 1 01                    P 43f     476563243110 9 711  3570.0 3654.0
 2B 2216.219827 1.250E-29 1.743E+02.06650.078 1338.04460.75-.003261       0 1 1 11       0 1 1 01                    P 43e     476563243110 9 711  2550.0 2610.0
 2B 2216.448356 1.740E-30 1.703E+02.06810.086 1752.97110.74-.003130       1 0 0 11       1 0 0 01                    P 33e     376663243110 9 711  2730.0 2814.0
 2B 2216.717529 2.940E-30 1.736E+02.06880.088 1628.95430.74-.003096       0 2 2 11       0 2 2 01                    P 30f     376663243110 9 711  2478.0 2562.0
 2B 2216.717878 2.100E-30 1.736E+02.06880.088 1628.95570.74-.003096       0 2 2 11       0 2 2 01                    P 30e     376663243110 9 711  1770.0 1830.0
 2B 2216.825725 2.810E-30 1.719E+02.06810.086 1656.11120.74-.003130       1 0 0 12       1 0 0 02                    P 33e     376663243110 9 711  2730.0 2814.0
 2B 2217.108128 1.420E-29 1.749E+02.06660.079 1307.49020.75-.003247       0 1 1 11       0 1 1 01                    P 42f     476563243110 9 711  2490.0 2550.0
 2B 2217.183806 1.990E-29 1.743E+02.06660.079 1306.47020.75-.003247       0 1 1 11       0 1 1 01                    P 42e     476563243110 9 711  3486.0 3570.0
 2B 2217.362022 1.360E-30 1.711E+02.06830.087 1728.75940.74-.003118       1 0 0 11       1 0 0 01                    P 32e     376663243110 9 711  1890.0 1950.0
 2B 2217.612297 2.260E-30 1.738E+02.06900.089 1606.85640.73-.003085       0 2 2 11       0 2 2 01                    P 29f     376663243110 9 711  1710.0 1770.0
 2B 2217.612593 3.160E-30 1.736E+02.06900.089 1606.85770.73-.003085       0 2 2 11       0 2 2 01                    P 29e     376663243110 9 711  2394.0 2478.0
 2B 2217.731683 2.190E-30 1.721E+02.06830.087 1631.87260.74-.003118       1 0 0 12       1 0 0 02                    P 32e     376663243110 9 711  1890.0 1950.0
 2B 2218.069213 2.250E-29 1.747E+02.06680.080 1276.60120.75-.003233       0 1 1 11       0 1 1 01                    P 41f     476563243110 9 711  3402.0 3486.0
 2B 2218.142403 1.610E-29 1.742E+02.06680.080 1275.62850.75-.003233       0 1 1 11       0 1 1 01                    P 41e     476563243110 9 711  2430.0 2490.0
 2B 2218.270119 2.060E-30 1.707E+02.06850.088 1705.28060.74-.003107       1 0 0 11       1 0 0 01                    P 31e     376663243110 9 711  2562.0 2646.0
 2B 2218.501670 3.380E-30 1.736E+02.06930.090 1585.49440.73-.003075       0 2 2 11       0 2 2 01                    P 28f     376663243110 9 711  2310.0 2394.0
 2B 2218.501919 2.420E-30 1.740E+02.06930.090 1585.49540.73-.003075       0 2 2 11       0 2 2 01                    P 28e     376663243110 9 711  1650.0 1710.0
 2B 2218.632352 3.330E-30 1.723E+02.06850.088 1608.36730.74-.003107       1 0 0 12       1 0 0 02                    P 31e     376663243110 9 711  2562.0 2646.0
 2B 2219.024877 1.820E-29 1.754E+02.06690.080 1246.44590.75-.003219       0 1 1 11       0 1 1 01                    P 40f     476663243110 9 711  2370.0 2430.0
 2B 2219.095613 2.550E-29 1.747E+02.06690.080 1245.51940.75-.003219       0 1 1 11       0 1 1 01                    P 40e     476663243110 9 711  3318.0 3402.0
 2B 2219.172643 1.590E-30 1.709E+02.06880.088 1682.53470.74-.003096       1 0 0 11       1 0 0 01                    P 30e     376663243110 9 711  1770.0 1830.0
 2B 2219.385644 2.570E-30 1.736E+02.06960.091 1564.86820.73-.003064       0 2 2 11       0 2 2 01                    P 27f     376663243110 9 711  1590.0 1650.0
 2B 2219.385852 3.600E-30 1.737E+02.06960.091 1564.86910.73-.003064       0 2 2 11       0 2 2 01                    P 27e     376663243110 9 711  2226.0 2310.0
 2B 2219.527728 2.570E-30 1.725E+02.06880.088 1585.59550.74-.003096       1 0 0 12       1 0 0 02                    P 30e     376663243110 9 711  1770.0 1830.0
 2B 2219.975117 2.860E-29 1.752E+02.06700.081 1217.02470.75-.003206       0 1 1 11       0 1 1 01                    P 39f     476663243110 9 711  3234.0 3318.0
 2B 2220.043434 2.050E-29 1.751E+02.06700.081 1216.14320.75-.003206       0 1 1 11       0 1 1 01                    P 39e     476663243110 9 711  2310.0 2370.0
 2B 2220.069592 2.400E-30 1.715E+02.06900.089 1660.52170.73-.003085       1 0 0 11       1 0 0 01                    P 29e     376663243110 9 711  2394.0 2478.0
 2B 2220.264216 3.820E-30 1.740E+02.06990.092 1544.97780.73-.003055       0 2 2 11       0 2 2 01                    P 26f     376663243110 9 711  2142.0 2226.0
 2B 2220.264388 2.730E-30 1.741E+02.06990.092 1544.97860.73-.003055       0 2 2 11       0 2 2 01                    P 26e     376663243110 9 711  1530.0 1590.0
 2B 2220.417810 3.880E-30 1.731E+02.06900.089 1563.55730.73-.003085       1 0 0 12       1 0 0 02                    P 29e     376663243110 9 711  2394.0 2478.0
 2B 2220.877829 1.040E-28 1.768E+02.06580.074  935.62400.74-.003362       0 0 0 11       0 0 0 01                    P 50e     576553243110 9 711  2970.0 3030.0
 2B 2220.919929 2.290E-29 1.755E+02.06720.082 1188.33740.75-.003192       0 1 1 11       0 1 1 01                    P 38f     476663243110 9 711  2250.0 2310.0
 2B 2220.960964 1.840E-30 1.722E+02.06930.090 1639.24190.73-.003075       1 0 0 11       1 0 0 01                    P 28e     376663243110 9 711  1650.0 1710.0
 2B 2220.985862 3.220E-29 1.756E+02.06720.082 1187.50000.75-.003192       0 1 1 11       0 1 1 01                    P 38e     476663243110 9 711  3150.0 3234.0
 2B 2221.137384 2.880E-30 1.743E+02.07020.093 1525.82350.72-.003045       0 2 2 11       0 2 2 01                    P 25f     376663243110 9 711  1470.0 1530.0
 2B 2221.137525 4.030E-30 1.742E+02.07020.093 1525.82420.72-.003045       0 2 2 11       0 2 2 01                    P 25e     376663243110 9 711  2058.0 2142.0
 2B 2221.302593 2.970E-30 1.735E+02.06930.090 1542.25260.73-.003075       1 0 0 12       1 0 0 02                    P 28e     376663243110 9 711  1650.0 1710.0
 2B 2221.846755 2.740E-30 1.721E+02.06960.091 1618.69520.73-.003064       1 0 0 11       1 0 0 01                    P 27e     376663243110 9 711  2226.0 2310.0
 2B 2221.859311 3.570E-29 1.755E+02.06730.083 1160.38430.74-.003179       0 1 1 11       0 1 1 01                    P 37f     476663243110 9 711  3066.0 3150.0
 2B 2221.881493 1.700E-28 1.765E+02.06590.074  898.96170.74-.003347       0 0 0 11       0 0 0 01                    P 49e     576563243110 9 711  4074.0 4158.0
 2B 2221.922894 2.560E-29 1.755E+02.06730.083 1159.58970.74-.003179       0 1 1 11       0 1 1 01                    P 37e     476663243110 9 711  2190.0 2250.0
 2B 2222.005144 4.230E-30 1.745E+02.07060.094 1507.40530.72-.003036       0 2 2 11       0 2 2 01                    P 24f     376663243110 9 711  1974.0 2058.0
 2B 2222.005258 3.020E-30 1.744E+02.07060.094 1507.40580.72-.003036       0 2 2 11       0 2 2 01                    P 24e     376663243110 9 711  1410.0 1470.0
 2B 2222.182075 4.430E-30 1.737E+02.06960.091 1521.68160.73-.003064       1 0 0 12       1 0 0 02                    P 27e     376663243110 9 711  2226.0 2310.0
 2B 2222.726962 2.080E-30 1.728E+02.06990.092 1598.88160.73-.003055       1 0 0 11       1 0 0 01                    P 26e     376663243110 9 711  1530.0 1590.0
 2B 2222.793259 2.830E-29 1.755E+02.06750.084 1133.16550.74-.003167       0 1 1 11       0 1 1 01                    P 36f     476663243110 9 711  2130.0 2190.0
 2B 2222.854526 3.980E-29 1.757E+02.06750.084 1132.41260.74-.003167       0 1 1 11       0 1 1 01                    P 36e     476663243110 9 711  2982.0 3066.0
 2B 2222.867493 3.160E-30 1.750E+02.07090.095 1489.72310.72-.003027       0 2 2 11       0 2 2 01                    P 23f     376663243110 9 711  1350.0 1410.0
 2B 2222.867584 4.420E-30 1.749E+02.07090.095 1489.72380.72-.003027       0 2 2 11       0 2 2 01                    P 23e     376663243110 9 711  1890.0 1974.0
 2B 2222.879735 1.420E-28 1.771E+02.06600.075  863.03040.74-.003333       0 0 0 11       0 0 0 01                    P 48e     576563243110 9 711  2850.0 2910.0
 2B 2223.056252 3.350E-30 1.737E+02.06990.092 1501.84470.73-.003055       1 0 0 12       1 0 0 02                    P 26e     376663243110 9 711  1530.0 1590.0
 2B 2223.601584 3.070E-30 1.729E+02.07020.093 1579.80140.72-.003045       1 0 0 11       1 0 0 01                    P 25e     376663243110 9 711  2058.0 2142.0
 2B 2223.721770 4.390E-29 1.761E+02.06770.084 1106.68100.74-.003154       0 1 1 11       0 1 1 01                    P 35f     476663243110 9 711  2898.0 2982.0
 2B 2223.724427 4.580E-30 1.748E+02.07130.095 1472.77730.71-.003019       0 2 2 11       0 2 2 01                    P 22f     376663243110 9 711  1806.0 1890.0
 2B 2223.724499 3.280E-30 1.752E+02.07130.095 1472.77770.71-.003019       0 2 2 11       0 2 2 01                    P 22e     376663243110 9 711  1290.0 1350.0
 2B 2223.780756 3.150E-29 1.763E+02.06770.084 1105.96880.74-.003154       0 1 1 11       0 1 1 01                    P 35e     476663243110 9 711  2070.0 2130.0
 2B 2223.872553 2.310E-28 1.773E+02.06620.075  827.83020.74-.003318       0 0 0 11       0 0 0 01                    P 47e     576563243110 9 711  3906.0 3990.0
 2B 2223.925121 4.960E-30 1.744E+02.07020.093 1482.74160.72-.003045       1 0 0 12       1 0 0 02                    P 25e     376663243110 9 711  2058.0 2142.0
 2B 2224.470617 2.300E-30 1.731E+02.07060.094 1561.45450.72-.003036       1 0 0 11       1 0 0 01                    P 24e     376663243110 9 711  1410.0 1470.0
 2B 2224.575944 3.380E-30 1.752E+02.07170.096 1456.56770.71-.003011       0 2 2 11       0 2 2 01                    P 21f     376663243110 9 711  1230.0 1290.0
 2B 2224.575999 4.730E-30 1.751E+02.07170.096 1456.56810.71-.003011       0 2 2 11       0 2 2 01                    P 21e     376663243110 9 711  1722.0 1806.0
 2B 2224.644841 3.450E-29 1.762E+02.06790.085 1080.93120.74-.003142       0 1 1 11       0 1 1 01                    P 34f     476663243110 9 711  2010.0 2070.0
 2B 2224.701580 4.850E-29 1.764E+02.06790.085 1080.25840.74-.003142       0 1 1 11       0 1 1 01                    P 34e     476663243110 9 711  2814.0 2898.0
 2B 2224.788679 3.720E-30 1.747E+02.07060.094 1464.37260.72-.003036       1 0 0 12       1 0 0 02                    P 24e     376663243110 9 711  1410.0 1470.0
 2B 2224.859944 1.900E-28 1.766E+02.06620.076  793.36120.74-.003303       0 0 0 11       0 0 0 01                    P 46e     576563243110 9 711  2730.0 2790.0
 2B 2225.334059 3.360E-30 1.733E+02.07090.095 1543.84090.72-.003027       1 0 0 11       1 0 0 01                    P 23e     376663243110 9 711  1890.0 1974.0
 2B 2225.422040 4.850E-30 1.752E+02.07220.097 1441.09450.71-.003003       0 2 2 11       0 2 2 01                    P 20f     376663243110 9 711  1638.0 1722.0
 2B 2225.422082 3.470E-30 1.755E+02.07220.097 1441.09480.71-.003003       0 2 2 11       0 2 2 01                    P 20e     376663243110 9 711  1170.0 1230.0
 2B 2225.562470 5.300E-29 1.766E+02.06810.086 1055.91560.74-.003130       0 1 1 11       0 1 1 01                    P 33f     476663243110 9 711  2730.0 2814.0
 2B 2225.616995 3.790E-29 1.763E+02.06810.086 1055.28140.74-.003130       0 1 1 11       0 1 1 01                    P 33e     476663243110 9 711  1950.0 2010.0
 2B 2225.646922 5.430E-30 1.747E+02.07090.095 1446.73770.72-.003027       1 0 0 12       1 0 0 02                    P 23e     376663243110 9 711  1890.0 1974.0
 2B 2225.841904 3.080E-28 1.776E+02.06630.077  759.62360.74-.003289       0 0 0 11       0 0 0 01                    P 45e     576563243110 9 711  3738.0 3822.0
 2B 2226.191908 2.490E-30 1.735E+02.07130.095 1526.96090.71-.003019       1 0 0 11       1 0 0 01                    P 22e     376663243110 9 711  1290.0 1350.0
 2B 2226.262712 3.530E-30 1.753E+02.07260.098 1426.35780.70-.002995       0 2 2 11       0 2 2 01                    P 19f     376663243110 9 711  1110.0 1170.0
 2B 2226.262743 4.950E-30 1.756E+02.07260.098 1426.35800.70-.002995       0 2 2 11       0 2 2 01                    P 19e     376663243110 9 711  1554.0 1638.0
 2B 2226.474651 4.130E-29 1.768E+02.06830.087 1031.63500.74-.003118       0 1 1 11       0 1 1 01                    P 32f     476663243110 9 711  1890.0 1950.0
 2B 2226.499848 4.030E-30 1.752E+02.07130.095 1429.83690.71-.003019       1 0 0 12       1 0 0 02                    P 22e     376663243110 9 711  1290.0 1350.0
 2B 2226.526997 5.800E-29 1.769E+02.06830.087 1031.03800.74-.003118       0 1 1 11       0 1 1 01                    P 32e     476663243110 9 711  2646.0 2730.0
 2B 2226.818430 2.520E-28 1.775E+02.06640.077  726.61750.74-.003275       0 0 0 11       0 0 0 01                    P 44e     576563243110 9 711  2610.0 2670.0
 2B 2227.044160 3.600E-30 1.738E+02.07170.096 1510.81450.71-.003011       1 0 0 11       1 0 0 01                    P 21e     376663243110 9 711  1722.0 1806.0
 2B 2227.097957 5.010E-30 1.756E+02.07310.099 1412.35750.70-.002988       0 2 2 11       0 2 2 01                    P 18f     376663243110 9 711  1470.0 1554.0
 2B 2227.097979 3.580E-30 1.757E+02.07310.099 1412.35750.70-.002988       0 2 2 11       0 2 2 01                    P 18e     376663243110 9 711  1050.0 1110.0
 2B 2227.347453 5.830E-30 1.756E+02.07170.096 1413.67040.71-.003011       1 0 0 12       1 0 0 02                    P 21e     376663243110 9 711  1722.0 1806.0
 2B 2227.381384 6.280E-29 1.771E+02.06850.088 1008.08910.74-.003107       0 1 1 11       0 1 1 01                    P 31f     476663243110 9 711  2562.0 2646.0
 2B 2227.431584 4.500E-29 1.771E+02.06850.088 1007.52820.74-.003107       0 1 1 11       0 1 1 01                    P 31e     476663243110 9 711  1830.0 1890.0
 2B 2227.789520 4.040E-28 1.779E+02.06650.078  694.34300.75-.003261       0 0 0 11       0 0 0 01                    P 43e     576563243110 9 711  3570.0 3654.0
 2B 2227.890813 2.640E-30 1.742E+02.07220.097 1495.40140.71-.003003       1 0 0 11       1 0 0 01                    P 20e     376663243110 9 711  1170.0 1230.0
 2B 2227.927772 3.600E-30 1.758E+02.07370.100 1399.09380.70-.002980       0 2 2 11       0 2 2 01                    P 17f     376663243110 9 711   990.0 1050.0
 2B 2227.927787 5.040E-30 1.758E+02.07370.100 1399.09380.70-.002980       0 2 2 11       0 2 2 01                    P 17e     376663243110 9 711  1386.0 1470.0
 2B 2228.189734 4.270E-30 1.758E+02.07220.097 1398.23830.71-.003003       1 0 0 12       1 0 0 02                    P 20e     376663243110 9 711  1170.0 1230.0
 2B 2228.282664 4.850E-29 1.773E+02.06880.088  985.27810.74-.003096       0 1 1 11       0 1 1 01                    P 30f     476663243110 9 711  1770.0 1830.0
 2B 2228.330752 6.810E-29 1.774E+02.06880.088  984.75220.74-.003096       0 1 1 11       0 1 1 01                    P 30e     476663243110 9 711  2478.0 2562.0
 2B 2228.731864 3.770E-30 1.745E+02.07260.098 1480.72200.70-.002995       1 0 0 11       1 0 0 01                    P 19e     376663243110 9 711  1554.0 1638.0
 2B 2228.752154 5.030E-30 1.759E+02.07420.101 1386.56650.69-.002972       0 2 2 11       0 2 2 01                    P 16f     376663243110 9 711  1302.0 1386.0
 2B 2228.752163 3.600E-30 1.762E+02.07420.101 1386.56670.69-.002972       0 2 2 11       0 2 2 01                    P 16e     376663243110 9 711   930.0  990.0
 2B 2228.755169 3.280E-28 1.778E+02.06660.079  662.80020.75-.003247       0 0 0 11       0 0 0 01                    P 42e     576563243110 9 711  2490.0 2550.0
 2B 2229.026687 6.100E-30 1.761E+02.07260.098 1383.54060.70-.002995       1 0 0 12       1 0 0 02                    P 19e     376663243110 9 711  1554.0 1638.0
 2B 2229.178489 7.310E-29 1.776E+02.06900.089  963.20200.73-.003085       0 1 1 11       0 1 1 01                    P 29f     476663243110 9 711  2394.0 2478.0
 2B 2229.224498 5.230E-29 1.775E+02.06900.089  962.71000.73-.003085       0 1 1 11       0 1 1 01                    P 29e     476663243110 9 711  1710.0 1770.0
 2B 2229.567311 2.730E-30 1.749E+02.07310.099 1466.77620.70-.002988       1 0 0 11       1 0 0 01                    P 18e     376663243110 9 711  1050.0 1110.0
 2B 2229.571099 3.560E-30 1.760E+02.07480.102 1374.77590.69-.002964       0 2 2 11       0 2 2 01                    P 15f     376663243110 9 711   870.0  930.0
 2B 2229.571104 4.990E-30 1.763E+02.07480.102 1374.77600.69-.002964       0 2 2 11       0 2 2 01                    P 15e     376663243110 9 711  1218.0 1302.0
 2B 2229.715375 5.210E-28 1.782E+02.06680.080  631.98940.75-.003233       0 0 0 11       0 0 0 01                    P 41e     576563243110 9 711  3402.0 3486.0
 2B 2229.858310 4.420E-30 1.766E+02.07310.099 1369.57730.70-.002988       1 0 0 12       1 0 0 02                    P 18e     376663243110 9 711  1050.0 1110.0
 2B 2230.068855 5.590E-29 1.778E+02.06930.090  941.86100.73-.003075       0 1 1 11       0 1 1 01                    P 28f     476663243110 9 711  1650.0 1710.0
 2B 2230.112819 7.840E-29 1.777E+02.06930.090  941.40170.73-.003075       0 1 1 11       0 1 1 01                    P 28e     476663243110 9 711  2310.0 2394.0
 2B 2230.384604 4.900E-30 1.763E+02.07550.103 1363.72200.68-.002956       0 2 2 11       0 2 2 01                    P 14f     376663243110 9 711  1134.0 1218.0
 2B 2230.384607 3.500E-30 1.763E+02.07550.103 1363.72200.68-.002956       0 2 2 11       0 2 2 01                    P 14e     376663243110 9 711   810.0  870.0
 2B 2230.397151 3.850E-30 1.754E+02.07370.100 1453.56430.70-.002980       1 0 0 11       1 0 0 01                    P 17e     376663243110 9 711  1386.0 1470.0
 2B 2230.670134 4.210E-28 1.787E+02.06690.080  601.91050.75-.003219       0 0 0 11       0 0 0 01                    P 40e     576663243110 9 711  2370.0 2430.0
 2B 2230.684599 6.230E-30 1.770E+02.07370.100 1356.34860.70-.002980       1 0 0 12       1 0 0 02                    P 17e     376663243110 9 711  1386.0 1470.0
 2B 2230.953759 8.340E-29 1.780E+02.06960.091  921.25510.73-.003064       0 1 1 11       0 1 1 01                    P 27f     476663243110 9 711  2226.0 2310.0
 2B 2230.995712 5.970E-29 1.780E+02.06960.091  920.82740.73-.003064       0 1 1 11       0 1 1 01                    P 27e     476663243110 9 711  1590.0 1650.0
 2B 2231.192668 3.410E-30 1.766E+02.07620.104 1353.40490.68-.002947       0 2 2 11       0 2 2 01                    P 13f     376663243110 9 711   750.0  810.0
 2B 2231.192668 4.770E-30 1.764E+02.07620.104 1353.40500.68-.002947       0 2 2 11       0 2 2 01                    P 13e     376663243110 9 711  1050.0 1134.0
 2B 2231.221382 2.750E-30 1.759E+02.07420.101 1441.08610.69-.002972       1 0 0 11       1 0 0 01                    P 16e     376663243110 9 711   930.0  990.0
 2B 2231.505551 4.450E-30 1.774E+02.07420.101 1343.85450.69-.002972       1 0 0 12       1 0 0 02                    P 16e     376663243110 9 711   930.0  990.0
 2B 2231.619444 6.620E-28 1.787E+02.06700.081  572.56370.75-.003206       0 0 0 11       0 0 0 01                    P 39e     576663243110 9 711  3234.0 3318.0
 2B 2231.833199 6.320E-29 1.783E+02.06990.092  901.38440.73-.003055       0 1 1 11       0 1 1 01                    P 26f     476663243110 9 711  1530.0 1590.0
 2B 2231.873173 8.860E-29 1.782E+02.06990.092  900.98730.73-.003055       0 1 1 11       0 1 1 01                    P 26e     476663243110 9 711  2142.0 2226.0
 2B 2231.995284 3.280E-30 1.763E+02.07700.105 1343.82460.68-.002938       0 2 2 11       0 2 2 01                    P 12e     376663243110 9 711   690.0  750.0
 2B 2231.995285 4.590E-30 1.762E+02.07700.105 1343.82460.68-.002938       0 2 2 11       0 2 2 01                    P 12f     376663243110 9 711   966.0 1050.0
 2B 2232.040001 3.830E-30 1.768E+02.07480.102 1429.34160.69-.002964       1 0 0 11       1 0 0 01                    P 15e     376663243110 9 711  1218.0 1302.0
 2B 2232.321162 6.190E-30 1.781E+02.07480.102 1332.09500.69-.002964       1 0 0 12       1 0 0 02                    P 15e     376663243110 9 711  1218.0 1302.0
 2B 2232.563301 5.300E-28 1.791E+02.06720.082  543.94910.75-.003192       0 0 0 11       0 0 0 01                    P 38e     576663243110 9 711  2250.0 2310.0
 2B 2232.707171 9.340E-29 1.787E+02.07020.093  882.24900.72-.003045       0 1 1 11       0 1 1 01                    P 25f     476663243110 9 711  2058.0 2142.0
 2B 2232.745199 6.680E-29 1.786E+02.07020.093  881.88120.72-.003045       0 1 1 11       0 1 1 01                    P 25e     476663243110 9 711  1470.0 1530.0
 2B 2232.792452 4.370E-30 1.762E+02.07780.107 1334.98100.68-.002926       0 2 2 11       0 2 2 01                    P 11e     376663243110 9 711   882.0  966.0
 2B 2232.792454 3.120E-30 1.761E+02.07780.107 1334.98100.68-.002926       0 2 2 11       0 2 2 01                    P 11f     376663243110 9 711   630.0  690.0
 2B 2232.853005 2.690E-30 1.771E+02.07550.103 1418.33110.68-.002956       1 0 0 11       1 0 0 01                    P 14e     376663243110 9 711   810.0  870.0
 2B 2233.131430 4.350E-30 1.785E+02.07550.103 1321.07030.68-.002956       1 0 0 12       1 0 0 02                    P 14e     376663243110 9 711   810.0  870.0
 2B 2233.501703 8.270E-28 1.792E+02.06730.083  516.06690.74-.003179       0 0 0 11       0 0 0 01                    P 37e     576663243110 9 711  3066.0 3150.0
 2B 2233.575672 7.000E-29 1.789E+02.07060.094  863.84890.72-.003036       0 1 1 11       0 1 1 01                    P 24f     476663243110 9 711  1410.0 1470.0
 2B 2233.584169 2.930E-30 1.758E+02.07870.108 1326.87430.68-.002914       0 2 2 11       0 2 2 01                    P 10e     376663243110 9 711   570.0  630.0
 2B 2233.584171 4.100E-30 1.758E+02.07870.108 1326.87430.68-.002914       0 2 2 11       0 2 2 01                    P 10f     376663243110 9 711   798.0  882.0
 2B 2233.611788 9.810E-29 1.788E+02.07060.094  863.50950.72-.003036       0 1 1 11       0 1 1 01                    P 24e     476663243110 9 711  1974.0 2058.0
 2B 2233.660391 3.680E-30 1.779E+02.07620.104 1408.05430.68-.002947       1 0 0 11       1 0 0 01                    P 13e     376663243110 9 711  1050.0 1134.0
 2B 2233.936350 5.950E-30 1.793E+02.07620.104 1310.78030.68-.002947       1 0 0 12       1 0 0 02                    P 13e     376663243110 9 711  1050.0 1134.0
 2B 2234.370431 3.790E-30 1.753E+02.07970.109 1319.50440.68-.002899       0 2 2 11       0 2 2 01                    P  9e     376663243110 9 711   714.0  798.0
 2B 2234.370433 2.710E-30 1.755E+02.07970.109 1319.50440.68-.002899       0 2 2 11       0 2 2 01                    P  9f     376663243110 9 711   510.0  570.0
 2B 2234.434646 6.560E-28 1.795E+02.06750.084  488.91710.74-.003167       0 0 0 11       0 0 0 01                    P 36e     576663243110 9 711  2130.0 2190.0
 2B 2234.438699 1.020E-28 1.786E+02.07090.095  846.18430.72-.003027       0 1 1 11       0 1 1 01                    P 23f     476663243110 9 711  1890.0 1974.0
 2B 2234.462158 2.540E-30 1.785E+02.07700.105 1398.51150.68-.002938       1 0 0 11       1 0 0 01                    P 12e     376663243110 9 711   690.0  750.0
 2B 2234.472936 7.320E-29 1.792E+02.07090.095  845.87200.72-.003027       0 1 1 11       0 1 1 01                    P 23e     476663243110 9 711  1350.0 1410.0
 2B 2234.735921 4.110E-30 1.801E+02.07700.105 1301.22510.68-.002938       1 0 0 12       1 0 0 02                    P 12e     376663243110 9 711   690.0  750.0
 2B 2235.151235 2.450E-30 1.742E+02.08080.111 1312.87150.68-.002880       0 2 2 11       0 2 2 01                    P  8e     376663243110 9 711   450.0  510.0
 2B 2235.151237 3.430E-30 1.742E+02.08080.111 1312.87150.68-.002880       0 2 2 11       0 2 2 01                    P  8f     376663243110 9 711   630.0  714.0
 2B 2235.258303 3.400E-30 1.792E+02.07780.107 1389.70260.68-.002926       1 0 0 11       1 0 0 01                    P 11e     376663243110 9 711   882.0  966.0
 2B 2235.296250 7.590E-29 1.795E+02.07130.095  829.25520.71-.003019       0 1 1 11       0 1 1 01                    P 22f     476663243110 9 711  1290.0 1350.0
 2B 2235.328639 1.060E-28 1.788E+02.07130.095  828.96890.71-.003019       0 1 1 11       0 1 1 01                    P 22e     476663243110 9 711  1806.0 1890.0
 2B 2235.362127 1.020E-27 1.805E+02.06770.084  462.49980.74-.003154       0 0 0 11       0 0 0 01                    P 35e     576663243110 9 711  2898.0 2982.0
 2B 2235.530137 5.510E-30 1.810E+02.07780.107 1292.40470.68-.002926       1 0 0 12       1 0 0 02                    P 11e     376663243110 9 711   882.0  966.0
 2B 2235.926579 3.030E-30 1.727E+02.08200.112 1306.97530.68-.002858       0 2 2 11       0 2 2 01                    P  7e     376663243110 9 711   546.0  630.0
 2B 2235.926580 2.160E-30 1.724E+02.08200.112 1306.97530.68-.002858       0 2 2 11       0 2 2 01                    P  7f     376663243110 9 711   390.0  450.0
 2B 2236.048823 2.300E-30 1.805E+02.07870.108 1381.62770.68-.002914       1 0 0 11       1 0 0 01                    P 10e     376663243110 9 711   570.0  630.0
 2B 2236.148320 1.100E-28 1.802E+02.07170.096  813.06170.71-.003011       0 1 1 11       0 1 1 01                    P 21f     476663243110 9 711  1722.0 1806.0
 2B 2236.178896 7.850E-29 1.798E+02.07170.096  812.80030.71-.003011       0 1 1 11       0 1 1 01                    P 21e     476663243110 9 711  1230.0 1290.0
 2B 2236.284142 7.980E-28 1.799E+02.06790.085  436.81520.74-.003142       0 0 0 11       0 0 0 01                    P 34e     576663243110 9 711  2010.0 2070.0
 2B 2236.318997 3.720E-30 1.820E+02.07870.108 1284.31930.68-.002914       1 0 0 12       1 0 0 02                    P 10e     376663243110 9 711   570.0  630.0
 2B 2236.696459 1.840E-30 1.693E+02.08340.114 1301.81640.68-.002831       0 2 2 11       0 2 2 01                    P  6e     376663243110 9 711   330.0  390.0
 2B 2236.696460 2.570E-30 1.689E+02.08340.114 1301.81630.68-.002831       0 2 2 11       0 2 2 01                    P  6f     376663243110 9 711   462.0  546.0
 2B 2236.833715 3.000E-30 1.815E+02.07970.109 1374.28670.68-.002899       1 0 0 11       1 0 0 01                    P  9e     376663243110 9 711   714.0  798.0
 2B 2236.994907 8.050E-29 1.802E+02.07220.097  797.60380.71-.003003       0 1 1 11       0 1 1 01                    P 20f     476663243110 9 711  1170.0 1230.0
 2B 2237.023703 1.130E-28 1.805E+02.07220.097  797.36610.71-.003003       0 1 1 11       0 1 1 01                    P 20e     476663243110 9 711  1638.0 1722.0
 2B 2237.102496 4.860E-30 1.833E+02.07970.109 1276.96880.68-.002899       1 0 0 12       1 0 0 02                    P  9e     376663243110 9 711   714.0  798.0
 2B 2237.200690 1.220E-27 1.795E+02.06810.086  411.86330.74-.003130       0 0 0 11       0 0 0 01                    P 33e     576663243110 9 711  2730.0 2814.0
 2B 2237.460872 1.480E-30 1.630E+02.08490.116 1297.39420.69-.002795       0 2 2 11       0 2 2 01                    P  5f     376663243110 9 711   270.0  330.0
 2B 2237.460872 2.070E-30 1.629E+02.08490.116 1297.39430.69-.002795       0 2 2 11       0 2 2 01                    P  5e     376663243110 9 711   378.0  462.0
 2B 2237.612977 1.970E-30 1.833E+02.08080.111 1367.67990.68-.002880       1 0 0 11       1 0 0 01                    P  8e     376663243110 9 711   450.0  510.0
 2B 2237.836008 1.150E-28 1.806E+02.07260.098  782.88160.70-.002995       0 1 1 11       0 1 1 01                    P 19f     476663243110 9 711  1554.0 1638.0
 2B 2237.863056 8.220E-29 1.805E+02.07260.098  782.66660.70-.002995       0 1 1 11       0 1 1 01                    P 19e     476663243110 9 711  1110.0 1170.0
 2B 2237.880632 3.180E-30 1.844E+02.08080.111 1270.35310.68-.002880       1 0 0 12       1 0 0 02                    P  8e     376663243110 9 711   450.0  510.0
 2B 2238.111767 9.540E-28 1.804E+02.06830.087  387.64430.74-.003118       0 0 0 11       0 0 0 01                    P 32e     576663243110 9 711  1890.0 1950.0
 2B 2238.219815 1.080E-30 1.504E+02.08660.118 1293.70910.69-.002743       0 2 2 11       0 2 2 01                    P  4e     376663243110 9 711   210.0  270.0
 2B 2238.219815 1.510E-30 1.502E+02.08660.118 1293.70910.69-.002743       0 2 2 11       0 2 2 01                    P  4f     376663243110 9 711   294.0  378.0
 2B 2238.386607 2.480E-30 1.849E+02.08200.112 1361.80700.68-.002858       1 0 0 11       1 0 0 01                    P  7e     376663243110 9 711   546.0  630.0
 2B 2238.653402 4.010E-30 1.863E+02.08200.112 1264.47270.68-.002858       1 0 0 12       1 0 0 02                    P  7e     376663243110 9 711   546.0  630.0
 2B 2238.671621 8.320E-29 1.808E+02.07310.099  768.89520.70-.002988       0 1 1 11       0 1 1 01                    P 18f     476663243110 9 711  1050.0 1110.0
 2B 2238.696952 1.170E-28 1.814E+02.07310.099  768.70160.70-.002988       0 1 1 11       0 1 1 01                    P 18e     476663243110 9 711  1470.0 1554.0
 2B 2239.017369 1.450E-27 1.806E+02.06850.088  364.15820.74-.003107       0 0 0 11       0 0 0 01                    P 31e     576663243110 9 711  2562.0 2646.0
 2B 2239.154602 1.560E-30 1.878E+02.08340.114 1356.66830.68-.002831       1 0 0 11       1 0 0 01                    P  6e     376663243110 9 711   330.0  390.0
 2B 2239.420801 2.520E-30 1.891E+02.08340.114 1259.32700.68-.002831       1 0 0 12       1 0 0 02                    P  6e     376663243110 9 711   330.0  390.0
 2B 2239.501741 1.170E-28 1.807E+02.07370.100  755.64450.70-.002980       0 1 1 11       0 1 1 01                    P 17f     476663243110 9 711  1386.0 1470.0
 2B 2239.525390 8.380E-29 1.810E+02.07370.100  755.47130.70-.002980       0 1 1 11       0 1 1 01                    P 17e     476663243110 9 711   990.0 1050.0
 2B 2239.916959 1.860E-30 1.915E+02.08490.116 1352.26350.69-.002795       1 0 0 11       1 0 0 01                    P  5e     376663243110 9 711   378.0  462.0
 2B 2239.917494 1.120E-27 1.809E+02.06880.088  341.40510.74-.003096       0 0 0 11       0 0 0 01                    P 30e     576663243110 9 711  1770.0 1830.0
 2B 2240.182826 3.000E-30 1.925E+02.08490.116 1254.91650.69-.002795       1 0 0 12       1 0 0 02                    P  5e     376663243110 9 711   378.0  462.0
 2B 2240.326366 8.380E-29 1.816E+02.07420.101  743.12980.69-.002972       0 1 1 11       0 1 1 01                    P 16f     476663243110 9 711   930.0  990.0
 2B 2240.348365 1.170E-28 1.810E+02.07420.101  742.97580.69-.002972       0 1 1 11       0 1 1 01                    P 16e     476663243110 9 711  1302.0 1386.0
 2B 2240.673676 1.080E-30 1.968E+02.08660.118 1348.59290.69-.002743       1 0 0 11       1 0 0 01                    P  4e     376663243110 9 711   210.0  270.0
 2B 2240.812139 1.690E-27 1.815E+02.06900.089  319.38510.73-.003085       0 0 0 11       0 0 0 01                    P 29e     576663243110 9 711  2394.0 2478.0
 2B 2240.939475 1.750E-30 1.987E+02.08660.118 1251.24100.69-.002743       1 0 0 12       1 0 0 02                    P  4e     376663243110 9 711   210.0  270.0
 2B 2241.145493 1.160E-28 1.814E+02.07480.102  731.35090.69-.002964       0 1 1 11       0 1 1 01                    P 15f     476663243110 9 711  1218.0 1302.0
 2B 2241.165874 8.320E-29 1.821E+02.07480.102  731.21500.69-.002964       0 1 1 11       0 1 1 01                    P 15e     476663243110 9 711   870.0  930.0
 2B 2241.167921 1.190E-30 1.170E+02.08850.120 1290.76100.70-.001771       0 2 2 11       0 2 2 01                    Q  3e     376663243110 9 711   294.0  294.0
 2B 2241.184375 1.230E-30 2.344E+02.09050.123 1288.54990.69-.001660       0 2 2 11       0 2 2 01                    Q  2e     376663243110 9 711   150.0  150.0
 2B 2241.184375 1.720E-30 2.341E+02.09050.123 1288.54990.69-.001660       0 2 2 11       0 2 2 01                    Q  2f     376663243110 9 711   210.0  210.0
 2B 2241.424750 1.150E-30 2.067E+02.08850.120 1345.65640.70-.002656       1 0 0 11       1 0 0 01                    P  3e     376663243110 9 711   210.0  294.0
 2B 2241.690744 1.860E-30 2.083E+02.08850.120 1248.30070.70-.002656       1 0 0 12       1 0 0 02                    P  3e     376663243110 9 711   210.0  294.0
 2B 2241.701301 1.290E-27 1.814E+02.06930.090  298.09830.73-.003075       0 0 0 11       0 0 0 01                    P 28e     576663243110 9 711  1650.0 1710.0
 2B 2241.959119 8.180E-29 1.825E+02.07550.103  720.30800.68-.002956       0 1 1 11       0 1 1 01                    P 14f     476663243110 9 711   810.0  870.0
 2B 2241.977915 1.150E-28 1.831E+02.07550.103  720.18910.68-.002956       0 1 1 11       0 1 1 01                    P 14e     476663243110 9 711  1134.0 1218.0
 2B 2242.584976 1.920E-27 1.812E+02.06960.091  277.54480.73-.003064       0 0 0 11       0 0 0 01                    P 27e     576663243110 9 711  2226.0 2310.0
 2B 2242.767241 1.120E-28 1.834E+02.07620.104  710.00110.68-.002947       0 1 1 11       0 1 1 01                    P 13f     476663243110 9 711  1050.0 1134.0
 2B 2242.784484 7.980E-29 1.829E+02.07620.104  709.89800.68-.002947       0 1 1 11       0 1 1 01                    P 13e     476663243110 9 711   750.0  810.0
 2B 2243.463161 1.460E-27 1.822E+02.06990.092  257.72470.73-.003055       0 0 0 11       0 0 0 01                    P 26e     576663243110 9 711  1530.0 1590.0
 2B 2243.569856 7.710E-29 1.836E+02.07700.105  700.43020.68-.002938       0 1 1 11       0 1 1 01                    P 12f     476663243110 9 711   690.0  750.0
 2B 2243.585579 1.080E-28 1.836E+02.07700.105  700.34190.68-.002938       0 1 1 11       0 1 1 01                    P 12e     476663243110 9 711   966.0 1050.0
 2B 2244.094089 1.090E-30 1.170E+02.08850.118 1290.76100.69-.000994       0 2 2 11       0 2 2 01                    R  3f     376663243110 9 711   270.0  210.0
 2B 2244.094089 1.530E-30 1.173E+02.08850.118 1290.76100.69-.000994       0 2 2 11       0 2 2 01                    R  3e     376663243110 9 711   378.0  294.0
 2B 2244.335855 2.150E-27 1.820E+02.07020.093  238.63790.72-.003045       0 0 0 11       0 0 0 01                    P 25e     576663243110 9 711  2058.0 2142.0
 2B 2244.366961 1.030E-28 1.839E+02.07780.107  691.59540.68-.002926       0 1 1 11       0 1 1 01                    P 11f     476663243110 9 711   882.0  966.0
 2B 2244.381196 7.370E-29 1.842E+02.07780.107  691.52070.68-.002926       0 1 1 11       0 1 1 01                    P 11e     476663243110 9 711   630.0  690.0
 2B 2244.803670 2.110E-30 1.343E+02.08660.116 1293.70910.69-.001115       0 2 2 11       0 2 2 01                    R  4f     376663243110 9 711   462.0  378.0
 2B 2244.803672 1.510E-30 1.346E+02.08660.116 1293.70910.69-.001115       0 2 2 11       0 2 2 01                    R  4e     376663243110 9 711   330.0  270.0
 2B 2245.158553 6.960E-29 1.850E+02.07870.108  683.49670.68-.002914       0 1 1 11       0 1 1 01                    P 10f     476663243110 9 711   570.0  630.0
 2B 2245.171332 9.740E-29 1.849E+02.07870.108  683.43440.68-.002914       0 1 1 11       0 1 1 01                    P 10e     476663243110 9 711   798.0  882.0
 2B 2245.203053 1.610E-27 1.821E+02.07060.094  220.28470.72-.003036       0 0 0 11       0 0 0 01                    P 24e     576663243110 9 711  1410.0 1470.0
 2B 2245.366268 1.260E-30 1.391E+02.09500.123 1244.62510.69-.000845       1 0 0 12       1 0 0 02                    R  1e     376663243110 9 711   210.0  126.0
 2B 2245.507753 1.880E-30 1.444E+02.08490.114 1297.39420.68-.001234       0 2 2 11       0 2 2 01                    R  5f     376663243110 9 711   390.0  330.0
 2B 2245.507756 2.630E-30 1.443E+02.08490.114 1297.39430.68-.001234       0 2 2 11       0 2 2 01                    R  5e     376663243110 9 711   546.0  462.0
 2B 2245.944630 9.060E-29 1.856E+02.07970.109  676.13420.68-.002899       0 1 1 11       0 1 1 01                    P  9f     476663243110 9 711   714.0  798.0
 2B 2245.955985 6.470E-29 1.855E+02.07970.109  676.08320.68-.002899       0 1 1 11       0 1 1 01                    P  9e     476663243110 9 711   510.0  570.0
 2B 2246.064752 2.360E-27 1.829E+02.07090.095  202.66500.72-.003027       0 0 0 11       0 0 0 01                    P 23e     576663243110 9 711  1890.0 1974.0
 2B 2246.085186 1.340E-30 1.490E+02.09050.120 1246.09530.70-.000885       1 0 0 12       1 0 0 02                    R  2e     376663243110 9 711   210.0  150.0
 2B 2246.206334 3.110E-30 1.512E+02.08340.112 1301.81630.68-.001345       0 2 2 11       0 2 2 01                    R  6f     376663243110 9 711   630.0  546.0
 2B 2246.206339 2.220E-30 1.511E+02.08340.112 1301.81640.68-.001345       0 2 2 11       0 2 2 01                    R  6e     376663243110 9 711   450.0  390.0
 2B 2246.524073 1.530E-30 1.535E+02.08850.118 1345.65640.69-.000994       1 0 0 11       1 0 0 01                    R  3e     376663243110 9 711   378.0  294.0
 2B 2246.725187 5.920E-29 1.865E+02.08080.111  669.50780.68-.002880       0 1 1 11       0 1 1 01                    P  8f     476663243110 9 711   450.0  510.0
 2B 2246.735152 8.290E-29 1.865E+02.08080.111  669.46700.68-.002880       0 1 1 11       0 1 1 01                    P  8e     476663243110 9 711   630.0  714.0
 2B 2246.798701 2.480E-30 1.550E+02.08850.118 1248.30070.69-.000994       1 0 0 12       1 0 0 02                    R  3e     376663243110 9 711   378.0  294.0
 2B 2246.899410 2.520E-30 1.553E+02.08200.111 1306.97530.68-.001450       0 2 2 11       0 2 2 01                    R  7f     376663243110 9 711   510.0  450.0
 2B 2246.899417 3.530E-30 1.554E+02.08200.111 1306.97530.68-.001450       0 2 2 11       0 2 2 01                    R  7e     376663243110 9 711   714.0  630.0
 2B 2246.920950 1.750E-27 1.832E+02.07130.095  185.77900.71-.003019       0 0 0 11       0 0 0 01                    P 22e     576663243110 9 711  1290.0 1350.0
 2B 2247.229918 1.350E-30 1.574E+02.08660.116 1348.59290.69-.001115       1 0 0 11       1 0 0 01                    R  4e     376663243110 9 711   330.0  270.0
 2B 2247.500223 7.430E-29 1.876E+02.08200.112  663.61760.68-.002858       0 1 1 11       0 1 1 01                    P  7f     476663243110 9 711   546.0  630.0
 2B 2247.506808 2.190E-30 1.591E+02.08660.116 1251.24100.69-.001115       1 0 0 12       1 0 0 02                    R  4e     376663243110 9 711   330.0  270.0
 2B 2247.508829 5.310E-29 1.876E+02.08200.112  663.58590.68-.002858       0 1 1 11       0 1 1 01                    P  7e     476663243110 9 711   390.0  450.0
 2B 2247.586979 3.920E-30 1.590E+02.08080.109 1312.87150.68-.001548       0 2 2 11       0 2 2 01                    R  8f     376663243110 9 711   798.0  714.0
 2B 2247.586989 2.800E-30 1.590E+02.08080.109 1312.87150.68-.001548       0 2 2 11       0 2 2 01                    R  8e     376663243110 9 711   570.0  510.0
 2B 2247.771644 2.530E-27 1.835E+02.07170.096  169.62670.71-.003011       0 0 0 11       0 0 0 01                    P 21e     576663243110 9 711  1722.0 1806.0
 2B 2247.930099 2.230E-30 1.601E+02.08490.114 1352.26350.68-.001234       1 0 0 11       1 0 0 01                    R  5e     376663243110 9 711   546.0  462.0
 2B 2248.209506 3.610E-30 1.615E+02.08490.114 1254.91650.68-.001234       1 0 0 12       1 0 0 02                    R  5e     376663243110 9 711   546.0  462.0
 2B 2248.269037 3.040E-30 1.614E+02.07970.108 1319.50440.68-.001641       0 2 2 11       0 2 2 01                    R  9f     376663243110 9 711   630.0  570.0
 2B 2248.269052 4.260E-30 1.615E+02.07970.108 1319.50440.68-.001641       0 2 2 11       0 2 2 01                    R  9e     376663243110 9 711   882.0  798.0
 2B 2248.269734 4.630E-29 1.887E+02.08340.114  658.46370.68-.002831       0 1 1 11       0 1 1 01                    P  6f     476663243110 9 711   330.0  390.0
 2B 2248.277014 6.480E-29 1.887E+02.08340.114  658.43990.68-.002831       0 1 1 11       0 1 1 01                    P  6e     476663243110 9 711   462.0  546.0
 2B 2248.616830 1.860E-27 1.844E+02.07220.097  154.20820.71-.003003       0 0 0 11       0 0 0 01                    P 20e     576663243110 9 711  1170.0 1230.0
 2B 2248.624613 1.820E-30 1.621E+02.08340.112 1356.66830.68-.001345       1 0 0 11       1 0 0 01                    R  6e     376663243110 9 711   450.0  390.0
 2B 2248.906790 2.940E-30 1.632E+02.08340.112 1259.32700.68-.001345       1 0 0 12       1 0 0 02                    R  6e     376663243110 9 711   450.0  390.0
 2B 2248.945582 4.550E-30 1.633E+02.07870.107 1326.87430.68-.001728       0 2 2 11       0 2 2 01                    R 10f     376663243110 9 711   966.0  882.0
 2B 2248.945603 3.250E-30 1.633E+02.07870.107 1326.87430.68-.001728       0 2 2 11       0 2 2 01                    R 10e     376663243110 9 711   690.0  630.0
 2B 2249.033718 5.450E-29 1.900E+02.08490.116  654.04600.69-.002795       0 1 1 11       0 1 1 01                    P  5f     476663243110 9 711   378.0  462.0
 2B 2249.039703 3.890E-29 1.898E+02.08490.116  654.02900.69-.002795       0 1 1 11       0 1 1 01                    P  5e     476663243110 9 711   270.0  330.0
 2B 2249.313457 2.840E-30 1.635E+02.08200.111 1361.80700.68-.001450       1 0 0 11       1 0 0 01                    R  7e     376663243110 9 711   714.0  630.0
 2B 2249.456506 2.650E-27 1.843E+02.07260.098  139.52350.70-.002995       0 0 0 11       0 0 0 01                    P 19e     576663243110 9 711  1554.0 1638.0
 2B 2249.598657 4.590E-30 1.647E+02.08200.111 1264.47270.68-.001450       1 0 0 12       1 0 0 02                    R  7e     376663243110 9 711   714.0  630.0
 2B 2249.616611 3.430E-30 1.651E+02.07780.105 1334.98100.68-.001811       0 2 2 11       0 2 2 01                    R 11f     376663243110 9 711   750.0  690.0
 2B 2249.616639 4.800E-30 1.650E+02.07780.105 1334.98100.68-.001811       0 2 2 11       0 2 2 01                    R 11e     376663243110 9 711  1050.0  966.0
 2B 2249.792171 3.100E-29 1.912E+02.08660.118  650.36450.69-.002743       0 1 1 11       0 1 1 01                    P  4f     476663243110 9 711   210.0  270.0
 2B 2249.796894 4.330E-29 1.907E+02.08660.118  650.35320.69-.002743       0 1 1 11       0 1 1 01                    P  4e     476663243110 9 711   294.0  378.0
 2B 2249.996629 2.210E-30 1.641E+02.08080.109 1367.67990.68-.001548       1 0 0 11       1 0 0 01                    R  8e     376663243110 9 711   570.0  510.0
 2B 2250.282121 5.000E-30 1.662E+02.07700.104 1343.82460.68-.001890       0 2 2 11       0 2 2 01                    R 12f     376663243110 9 711  1134.0 1050.0
 2B 2250.282158 3.570E-30 1.662E+02.07700.104 1343.82460.68-.001890       0 2 2 11       0 2 2 01                    R 12e     376663243110 9 711   810.0  750.0
 2B 2250.285104 3.580E-30 1.657E+02.08080.109 1270.35310.68-.001548       1 0 0 12       1 0 0 02                    R  8e     376663243110 9 711   570.0  510.0
 2B 2250.290668 1.920E-27 1.848E+02.07310.099  125.57270.70-.002988       0 0 0 11       0 0 0 01                    P 18e     576663243110 9 711  1050.0 1110.0
 2B 2250.545090 3.130E-29 1.904E+02.08850.120  647.41940.70-.002656       0 1 1 11       0 1 1 01                    P  3f     476663243110 9 711   210.0  294.0
 2B 2250.548584 2.230E-29 1.899E+02.08850.120  647.41260.70-.002656       0 1 1 11       0 1 1 01                    P  3e     476663243110 9 711   150.0  210.0
 2B 2250.674128 3.340E-30 1.656E+02.07970.108 1374.28670.68-.001641       1 0 0 11       1 0 0 01                    R  9e     376663243110 9 711   882.0  798.0
 2B 2250.942110 3.680E-30 1.672E+02.07620.103 1353.40490.68-.001965       0 2 2 11       0 2 2 01                    R 13f     376663243110 9 711   870.0  810.0
 2B 2250.942157 5.160E-30 1.674E+02.07620.103 1353.40500.68-.001965       0 2 2 11       0 2 2 01                    R 13e     376663243110 9 711  1218.0 1134.0
 2B 2250.966127 5.400E-30 1.669E+02.07970.108 1276.96880.68-.001641       1 0 0 12       1 0 0 02                    R  9e     376663243110 9 711   882.0  798.0
 2B 2251.119314 2.710E-27 1.855E+02.07370.100  112.35580.70-.002980       0 0 0 11       0 0 0 01                    P 17e     576663243110 9 711  1386.0 1470.0
 2B 2251.292473 1.270E-29 1.785E+02.09050.123  645.21050.69-.002474       0 1 1 11       0 1 1 01                    P  2f     476663243110 9 711    90.0  150.0
 2B 2251.294770 1.780E-29 1.787E+02.09050.123  645.20710.69-.002474       0 1 1 11       0 1 1 01                    P  2e     476663243110 9 711   126.0  210.0
 2B 2251.345949 2.530E-30 1.663E+02.07870.107 1381.62770.68-.001728       1 0 0 11       1 0 0 01                    R 10e     376663243110 9 711   690.0  630.0
 2B 2251.596574 5.270E-30 1.683E+02.07550.102 1363.72200.69-.002037       0 2 2 11       0 2 2 01                    R 14f     376663243110 9 711  1302.0 1218.0
 2B 2251.596635 3.760E-30 1.681E+02.07550.102 1363.72200.69-.002037       0 2 2 11       0 2 2 01                    R 14e     376663243110 9 711   930.0  870.0
 2B 2251.641723 4.090E-30 1.676E+02.07870.107 1284.31930.68-.001728       1 0 0 12       1 0 0 02                    R 10e     376663243110 9 711   690.0  630.0
 2B 2251.942441 1.930E-27 1.854E+02.07420.101   99.87290.69-.002972       0 0 0 11       0 0 0 01                    P 16e     576663243110 9 711   930.0  990.0
 2B 2251.973270 1.010E-30 1.492E+00.07480.102  731.35090.69-.002501       0 1 1 11       0 1 1 01                    Q 15f     476663243110 9 711  1302.0 1302.0
 2B 2252.012092 3.710E-30 1.668E+02.07780.105 1389.70260.68-.001811       1 0 0 11       1 0 0 01                    R 11e     376663243110 9 711  1050.0  966.0
 2B 2252.165950 1.280E-30 1.957E+00.07620.104  710.00110.68-.002418       0 1 1 11       0 1 1 01                    Q 13f     476663243110 9 711  1134.0 1134.0
 2B 2252.245511 3.810E-30 1.690E+02.07480.101 1374.77590.69-.002107       0 2 2 11       0 2 2 01                    R 15f     376663243110 9 711   990.0  930.0
 2B 2252.245587 5.340E-30 1.691E+02.07480.101 1374.77600.69-.002107       0 2 2 11       0 2 2 01                    R 15e     376663243110 9 711  1386.0 1302.0
 2B 2252.252326 1.040E-30 2.296E+00.07700.105  700.43020.68-.002374       0 1 1 11       0 1 1 01                    Q 12f     476663243110 9 711   750.0  750.0
 2B 2252.307278 1.140E-30 1.706E+00.07550.103  720.18910.68-.002461       0 1 1 11       0 1 1 01                    Q 14e     476663243110 9 711  1218.0 1218.0
 2B 2252.311889 6.010E-30 1.684E+02.07780.105 1292.40470.68-.001811       1 0 0 12       1 0 0 02                    R 11e     376663243110 9 711  1050.0  966.0
 2B 2252.332059 1.650E-30 2.709E+00.07780.107  691.59540.68-.002327       0 1 1 11       0 1 1 01                    Q 11f     476663243110 9 711   966.0  966.0
 2B 2252.405149 1.340E-30 3.243E+00.07870.108  683.49670.68-.002277       0 1 1 11       0 1 1 01                    Q 10f     476663243110 9 711   630.0  630.0
 2B 2252.426427 1.450E-30 2.285E+00.07700.105  700.34190.68-.002374       0 1 1 11       0 1 1 01                    Q 12e     476663243110 9 711  1050.0 1050.0
 2B 2252.471596 2.150E-30 3.964E+00.07970.109  676.13420.68-.002223       0 1 1 11       0 1 1 01                    Q  9f     476663243110 9 711   798.0  798.0
 2B 2252.479382 1.180E-30 2.712E+00.07780.107  691.52070.68-.002327       0 1 1 11       0 1 1 01                    Q 11e     476663243110 9 711   690.0  690.0
 2B 2252.527922 1.880E-30 3.250E+00.07870.108  683.43440.68-.002277       0 1 1 11       0 1 1 01                    Q 10e     476663243110 9 711   882.0  882.0
 2B 2252.531399 1.780E-30 4.973E+00.08080.111  669.50780.68-.002165       0 1 1 11       0 1 1 01                    Q  8f     476663243110 9 711   510.0  510.0
 2B 2252.572050 1.540E-30 3.974E+00.07970.109  676.08320.68-.002223       0 1 1 11       0 1 1 01                    Q  9e     476663243110 9 711   570.0  570.0
 2B 2252.584558 2.900E-30 6.374E+00.08200.112  663.61760.68-.002102       0 1 1 11       0 1 1 01                    Q  7f     476663243110 9 711   630.0  630.0
 2B 2252.611764 2.490E-30 4.968E+00.08080.111  669.46700.68-.002165       0 1 1 11       0 1 1 01                    Q  8e     476663243110 9 711   714.0  714.0
 2B 2252.631072 2.460E-30 8.518E+00.08340.114  658.46370.68-.002032       0 1 1 11       0 1 1 01                    Q  6f     476663243110 9 711   390.0  390.0
 2B 2252.647066 2.070E-30 6.369E+00.08200.112  663.58590.68-.002102       0 1 1 11       0 1 1 01                    Q  7e     476663243110 9 711   450.0  450.0
 2B 2252.670942 4.160E-30 1.190E+01.08490.116  654.04600.69-.001955       0 1 1 11       0 1 1 01                    Q  5f     476663243110 9 711   462.0  462.0
 2B 2252.672554 2.750E-30 1.673E+02.07700.104 1398.51150.68-.001890       1 0 0 11       1 0 0 01                    R 12e     376663243110 9 711   810.0  750.0
 2B 2252.677954 3.440E-30 8.507E+00.08340.114  658.43990.68-.002032       0 1 1 11       0 1 1 01                    Q  6e     476663243110 9 711   546.0  546.0
 2B 2252.704168 3.720E-30 1.789E+01.08660.118  650.36450.69-.001868       0 1 1 11       0 1 1 01                    Q  4f     476663243110 9 711   270.0  270.0
 2B 2252.704430 2.970E-30 1.190E+01.08490.116  654.02900.69-.001955       0 1 1 11       0 1 1 01                    Q  5e     476663243110 9 711   330.0  330.0
 2B 2252.726493 5.200E-30 1.786E+01.08660.118  650.35320.69-.001868       0 1 1 11       0 1 1 01                    Q  4e     476663243110 9 711   378.0  378.0
 2B 2252.730748 6.840E-30 2.978E+01.08850.120  647.41940.70-.001771       0 1 1 11       0 1 1 01                    Q  3f     476663243110 9 711   294.0  294.0
 2B 2252.744143 4.890E-30 2.980E+01.08850.120  647.41260.70-.001771       0 1 1 11       0 1 1 01                    Q  3e     476663243110 9 711   210.0  210.0
 2B 2252.750683 7.060E-30 5.960E+01.09050.123  645.21050.69-.001660       0 1 1 11       0 1 1 01                    Q  2f     476663243110 9 711   150.0  150.0
 2B 2252.757381 9.880E-30 5.958E+01.09050.123  645.20710.69-.001660       0 1 1 11       0 1 1 01                    Q  2e     476663243110 9 711   210.0  210.0
 2B 2252.760046 2.690E-27 1.865E+02.07480.102   88.12410.69-.002964       0 0 0 11       0 0 0 01                    P 15e     576663243110 9 711  1218.0 1302.0
 2B 2252.763974 1.790E-29 1.786E+02.09500.127  643.73790.69-.001533       0 1 1 11       0 1 1 01                    Q  1f     476663243110 9 711   126.0  126.0
 2B 2252.766206 1.280E-29 1.788E+02.09500.127  643.73670.69-.001533       0 1 1 11       0 1 1 01                    Q  1e     476663243110 9 711    90.0   90.0
 2B 2252.888919 5.360E-30 1.696E+02.07420.100 1386.56650.70-.002174       0 2 2 11       0 2 2 01                    R 16f     376663243110 9 711  1470.0 1386.0
 2B 2252.889013 3.830E-30 1.697E+02.07420.100 1386.56670.70-.002174       0 2 2 11       0 2 2 01                    R 16e     376663243110 9 711  1050.0  990.0
 2B 2252.976621 4.450E-30 1.688E+02.07700.104 1301.22510.68-.001890       1 0 0 12       1 0 0 02                    R 12e     376663243110 9 711   810.0  750.0
 2B 2253.327332 3.960E-30 1.680E+02.07620.103 1408.05430.68-.001965       1 0 0 11       1 0 0 01                    R 13e     376663243110 9 711  1218.0 1134.0
 2B 2253.526794 3.820E-30 1.702E+02.07370.099 1399.09380.70-.002238       0 2 2 11       0 2 2 01                    R 17f     376663243110 9 711  1110.0 1050.0
 2B 2253.526909 5.350E-30 1.703E+02.07370.099 1399.09380.70-.002238       0 2 2 11       0 2 2 01                    R 17e     376663243110 9 711  1554.0 1470.0
 2B 2253.572125 1.890E-27 1.869E+02.07550.103   77.10930.68-.002956       0 0 0 11       0 0 0 01                    P 14e     576663243110 9 711   810.0  870.0
 2B 2253.635917 6.410E-30 1.695E+02.07620.103 1310.78030.68-.001965       1 0 0 12       1 0 0 02                    R 13e     376663243110 9 711  1218.0 1134.0
 2B 2253.976424 2.890E-30 1.688E+02.07550.102 1418.33110.69-.002037       1 0 0 11       1 0 0 01                    R 14e     376663243110 9 711   930.0  870.0
 2B 2254.159133 5.300E-30 1.708E+02.07310.098 1412.35750.70-.002301       0 2 2 11       0 2 2 01                    R 18f     376663243110 9 711  1638.0 1554.0
 2B 2254.159273 3.790E-30 1.710E+02.07310.098 1412.35750.70-.002301       0 2 2 11       0 2 2 01                    R 18e     376663243110 9 711  1170.0 1110.0
 2B 2254.224416 1.280E-29 1.074E+02.09500.123  643.73670.69-.000845       0 1 1 11       0 1 1 01                    R  1e     476663243110 9 711   150.0   90.0
 2B 2254.226584 1.790E-29 1.073E+02.09500.123  643.73790.69-.000845       0 1 1 11       0 1 1 01                    R  1f     476663243110 9 711   210.0  126.0
 2B 2254.289772 4.670E-30 1.701E+02.07550.102 1321.07030.69-.002037       1 0 0 12       1 0 0 02                    R 14e     376663243110 9 711   930.0  870.0
 2B 2254.378677 2.580E-27 1.873E+02.07620.104   66.82870.68-.002947       0 0 0 11       0 0 0 01                    P 13e     576663243110 9 711  1050.0 1134.0
 2B 2254.619828 4.080E-30 1.688E+02.07480.101 1429.34160.69-.002107       1 0 0 11       1 0 0 01                    R 15e     376663243110 9 711  1386.0 1302.0
 2B 2254.785935 3.730E-30 1.715E+02.07260.097 1426.35780.71-.002361       0 2 2 11       0 2 2 01                    R 19f     376663243110 9 711  1230.0 1170.0
 2B 2254.786102 5.220E-30 1.714E+02.07260.097 1426.35800.71-.002361       0 2 2 11       0 2 2 01                    R 19e     376663243110 9 711  1722.0 1638.0
 2B 2254.938183 6.610E-30 1.705E+02.07480.101 1332.09500.69-.002107       1 0 0 12       1 0 0 02                    R 15e     376663243110 9 711  1386.0 1302.0
 2B 2254.943039 3.160E-29 1.364E+02.09050.120  645.20710.70-.000885       0 1 1 11       0 1 1 01                    R  2e     476663243110 9 711   294.0  210.0
 2B 2254.946242 2.260E-29 1.365E+02.09050.120  645.21050.70-.000885       0 1 1 11       0 1 1 01                    R  2f     476663243110 9 711   210.0  150.0
 2B 2255.179698 1.780E-27 1.879E+02.07700.105   57.28220.68-.002938       0 0 0 11       0 0 0 01                    P 12e     576663243110 9 711   690.0  750.0
 2B 2255.257541 2.930E-30 1.695E+02.07420.100 1441.08610.70-.002174       1 0 0 11       1 0 0 01                    R 16e     376663243110 9 711  1050.0  990.0
 2B 2255.407196 5.110E-30 1.719E+02.07220.096 1441.09450.71-.002420       0 2 2 11       0 2 2 01                    R 20f     376663243110 9 711  1806.0 1722.0
 2B 2255.407395 3.650E-30 1.719E+02.07220.096 1441.09480.71-.002420       0 2 2 11       0 2 2 01                    R 20e     376663243110 9 711  1290.0 1230.0
 2B 2255.581147 4.730E-30 1.707E+02.07420.100 1343.85450.70-.002174       1 0 0 12       1 0 0 02                    R 16e     376663243110 9 711  1050.0  990.0
 2B 2255.656140 3.140E-29 1.492E+02.08850.118  647.41260.69-.000994       0 1 1 11       0 1 1 01                    R  3e     476663243110 9 711   270.0  210.0
 2B 2255.660347 4.400E-29 1.494E+02.08850.118  647.41940.69-.000994       0 1 1 11       0 1 1 01                    R  3f     476663243110 9 711   378.0  294.0
 2B 2255.889561 4.080E-30 1.696E+02.07370.099 1453.56430.70-.002238       1 0 0 11       1 0 0 01                    R 17e     376663243110 9 711  1554.0 1470.0
 2B 2255.975184 2.390E-27 1.892E+02.07780.107   48.46990.68-.002926       0 0 0 11       0 0 0 01                    P 11e     576663243110 9 711   882.0  966.0
 2B 2256.022914 3.550E-30 1.724E+02.07170.095 1456.56770.71-.002477       0 2 2 11       0 2 2 01                    R 21f     376663243110 9 711  1350.0 1290.0
 2B 2256.023149 4.970E-30 1.724E+02.07170.095 1456.56810.71-.002477       0 2 2 11       0 2 2 01                    R 21e     376663243110 9 711  1890.0 1806.0
 2B 2256.218661 6.610E-30 1.713E+02.07370.099 1356.34860.70-.002238       1 0 0 12       1 0 0 02                    R 17e     376663243110 9 711  1554.0 1470.0
 2B 2256.363718 5.550E-29 1.565E+02.08660.116  650.35320.69-.001115       0 1 1 11       0 1 1 01                    R  4e     476663243110 9 711   462.0  378.0
 2B 2256.368894 3.960E-29 1.563E+02.08660.116  650.36450.69-.001115       0 1 1 11       0 1 1 01                    R  4f     476663243110 9 711   330.0  270.0
 2B 2256.515887 2.890E-30 1.702E+02.07310.098 1466.77620.70-.002301       1 0 0 11       1 0 0 01                    R 18e     376663243110 9 711  1170.0 1110.0
 2B 2256.633086 4.800E-30 1.726E+02.07130.095 1472.77730.72-.002533       0 2 2 11       0 2 2 01                    R 22f     376663243110 9 711  1974.0 1890.0
 2B 2256.633361 3.430E-30 1.726E+02.07130.095 1472.77770.72-.002533       0 2 2 11       0 2 2 01                    R 22e     376663243110 9 711  1410.0 1350.0
 2B 2256.765134 1.610E-27 1.898E+02.07870.108   40.39190.68-.002914       0 0 0 11       0 0 0 01                    P 10e     576663243110 9 711   570.0  630.0
 2B 2256.850721 4.670E-30 1.716E+02.07310.098 1369.57730.70-.002301       1 0 0 12       1 0 0 02                    R 18e     376663243110 9 711  1170.0 1110.0
 2B 2257.065768 4.730E-29 1.609E+02.08490.114  654.02900.68-.001234       0 1 1 11       0 1 1 01                    R  5e     476663243110 9 711   390.0  330.0
 2B 2257.071883 6.620E-29 1.609E+02.08490.114  654.04600.68-.001234       0 1 1 11       0 1 1 01                    R  5f     476663243110 9 711   546.0  462.0
 2B 2257.136515 3.980E-30 1.706E+02.07260.097 1480.72200.71-.002361       1 0 0 11       1 0 0 01                    R 19e     376663243110 9 711  1722.0 1638.0
 2B 2257.237709 3.300E-30 1.731E+02.07090.094 1489.72310.72-.002587       0 2 2 11       0 2 2 01                    R 23f     376663243110 9 711  1470.0 1410.0
 2B 2257.238030 4.620E-30 1.731E+02.07090.094 1489.72380.72-.002587       0 2 2 11       0 2 2 01                    R 23e     376663243110 9 711  2058.0 1974.0
 2B 2257.477323 6.430E-30 1.719E+02.07260.097 1383.54060.71-.002361       1 0 0 12       1 0 0 02                    R 19e     376663243110 9 711  1722.0 1638.0
 2B 2257.549544 2.110E-27 1.917E+02.07970.109   33.04810.68-.002899       0 0 0 11       0 0 0 01                    P  9e     576663243110 9 711   714.0  798.0
 2B 2257.751443 2.780E-30 1.709E+02.07220.096 1495.40140.71-.002420       1 0 0 11       1 0 0 01                    R 20e     376663243110 9 711  1290.0 1230.0
 2B 2257.762289 7.620E-29 1.641E+02.08340.112  658.43990.68-.001345       0 1 1 11       0 1 1 01                    R  6e     476663243110 9 711   630.0  546.0
 2B 2257.769309 5.440E-29 1.640E+02.08340.112  658.46370.68-.001345       0 1 1 11       0 1 1 01                    R  6f     476663243110 9 711   450.0  390.0
 2B 2257.836781 4.420E-30 1.735E+02.07060.093 1507.40530.72-.002640       0 2 2 11       0 2 2 01                    R 24f     376663243110 9 711  2142.0 2058.0
 2B 2257.837153 3.160E-30 1.736E+02.07060.093 1507.40580.72-.002640       0 2 2 11       0 2 2 01                    R 24e     376663243110 9 711  1530.0 1470.0
 2B 2258.098465 4.490E-30 1.722E+02.07220.096 1398.23830.71-.002420       1 0 0 12       1 0 0 02                    R 20e     376663243110 9 711  1290.0 1230.0
 2B 2258.328412 1.380E-27 1.928E+02.08080.111   26.43860.68-.002880       0 0 0 11       0 0 0 01                    P  8e     576663243110 9 711   450.0  510.0
 2B 2258.360670 3.780E-30 1.710E+02.07170.095 1510.81450.71-.002477       1 0 0 11       1 0 0 01                    R 21e     376663243110 9 711  1890.0 1806.0
 2B 2258.430299 3.000E-30 1.736E+02.07020.092 1525.82350.73-.002691       0 2 2 11       0 2 2 01                    R 25f     376663243110 9 711  1590.0 1530.0
 2B 2258.430727 4.200E-30 1.736E+02.07020.092 1525.82420.73-.002691       0 2 2 11       0 2 2 01                    R 25e     376663243110 9 711  2226.0 2142.0
 2B 2258.453278 6.100E-29 1.664E+02.08200.111  663.58590.68-.001450       0 1 1 11       0 1 1 01                    R  7e     476663243110 9 711   510.0  450.0
 2B 2258.461170 8.540E-29 1.665E+02.08200.111  663.61760.68-.001450       0 1 1 11       0 1 1 01                    R  7f     476663243110 9 711   714.0  630.0
 2B 2258.714144 6.110E-30 1.724E+02.07170.095 1413.67040.71-.002477       1 0 0 12       1 0 0 02                    R 21e     376663243110 9 711  1890.0 1806.0
 2B 2258.964192 2.610E-30 1.713E+02.07130.095 1526.96090.72-.002533       1 0 0 11       1 0 0 01                    R 22e     376663243110 9 711  1410.0 1350.0
 2B 2259.018261 3.980E-30 1.740E+02.06990.091 1544.97780.73-.002742       0 2 2 11       0 2 2 01                    R 26f     376663243110 9 711  2310.0 2226.0
 2B 2259.018752 2.840E-30 1.739E+02.06990.091 1544.97860.73-.002742       0 2 2 11       0 2 2 01                    R 26e     376663243110 9 711  1650.0 1590.0
 2B 2259.101734 1.740E-27 1.948E+02.08200.112   20.56350.68-.002858       0 0 0 11       0 0 0 01                    P  7e     576663243110 9 711   546.0  630.0
 2B 2259.138731 9.370E-29 1.682E+02.08080.109  669.46700.68-.001548       0 1 1 11       0 1 1 01                    R  8e     476663243110 9 711   798.0  714.0
 2B 2259.147463 6.690E-29 1.682E+02.08080.109  669.50780.68-.001548       0 1 1 11       0 1 1 01                    R  8f     476663243110 9 711   570.0  510.0
 2B 2259.324355 4.220E-30 1.728E+02.07130.095 1429.83690.72-.002533       1 0 0 12       1 0 0 02                    R 22e     376663243110 9 711  1410.0 1350.0
 2B 2259.562009 3.510E-30 1.714E+02.07090.094 1543.84090.72-.002587       1 0 0 11       1 0 0 01                    R 23e     376663243110 9 711  2058.0 1974.0
 2B 2259.600663 2.680E-30 1.745E+02.06960.090 1564.86820.73-.002791       0 2 2 11       0 2 2 01                    R 27f     376663243110 9 711  1710.0 1650.0
 2B 2259.601223 3.750E-30 1.744E+02.06960.090 1564.86910.73-.002791       0 2 2 11       0 2 2 01                    R 27e     376663243110 9 711  2394.0 2310.0
 2B 2259.818646 7.220E-29 1.697E+02.07970.108  676.08320.68-.001641       0 1 1 11       0 1 1 01                    R  9e     476663243110 9 711   630.0  570.0
 2B 2259.828186 1.010E-28 1.696E+02.07970.108  676.13420.68-.001641       0 1 1 11       0 1 1 01                    R  9f     476663243110 9 711   882.0  798.0
 2B 2259.869507 1.090E-27 1.971E+02.08340.114   15.42270.68-.002831       0 0 0 11       0 0 0 01                    P  6e     576663243110 9 711   330.0  390.0
 2B 2259.929095 5.670E-30 1.728E+02.07090.094 1446.73770.72-.002587       1 0 0 12       1 0 0 02                    R 23e     376663243110 9 711  2058.0 1974.0
 2B 2260.154116 2.400E-30 1.718E+02.07060.093 1561.45450.72-.002640       1 0 0 11       1 0 0 01                    R 24e     376663243110 9 711  1530.0 1470.0
 2B 2260.177504 3.510E-30 1.744E+02.06930.089 1585.49440.73-.002839       0 2 2 11       0 2 2 01                    R 28f     376663243110 9 711  2478.0 2394.0
 2B 2260.178140 2.510E-30 1.746E+02.06930.089 1585.49540.73-.002839       0 2 2 11       0 2 2 01                    R 28e     376663243110 9 711  1770.0 1710.0
 2B 2260.493020 1.070E-28 1.701E+02.07870.107  683.43440.68-.001728       0 1 1 11       0 1 1 01                    R 10e     476663243110 9 711   966.0  882.0
 2B 2260.503335 7.670E-29 1.707E+02.07870.107  683.49670.68-.001728       0 1 1 11       0 1 1 01                    R 10f     476663243110 9 711   690.0  630.0
 2B 2260.528361 3.880E-30 1.734E+02.07060.093 1464.37260.72-.002640       1 0 0 12       1 0 0 02                    R 24e     376663243110 9 711  1530.0 1470.0
 2B 2260.631730 1.300E-27 2.010E+02.08490.116   11.01630.69-.002795       0 0 0 11       0 0 0 01                    P  5e     576663243110 9 711   378.0  462.0
 2B 2260.740513 3.190E-30 1.717E+02.07020.092 1579.80140.73-.002691       1 0 0 11       1 0 0 01                    R 25e     376663243110 9 711  2226.0 2142.0
 2B 2260.748781 2.340E-30 1.748E+02.06900.088 1606.85640.74-.002886       0 2 2 11       0 2 2 01                    R 29f     376663243110 9 711  1830.0 1770.0
 2B 2260.749500 3.270E-30 1.744E+02.06900.088 1606.85770.74-.002886       0 2 2 11       0 2 2 01                    R 29e     376663243110 9 711  2562.0 2478.0
 2B 2261.122150 5.160E-30 1.734E+02.07020.092 1482.74160.73-.002691       1 0 0 12       1 0 0 02                    R 25e     376663243110 9 711  2226.0 2142.0
 2B 2261.161851 8.060E-29 1.717E+02.07780.105  691.52070.68-.001811       0 1 1 11       0 1 1 01                    R 11e     476663243110 9 711   750.0  690.0
 2B 2261.172908 1.130E-28 1.720E+02.07780.105  691.59540.68-.001811       0 1 1 11       0 1 1 01                    R 11f     476663243110 9 711  1050.0  966.0
 2B 2261.314491 3.040E-30 1.749E+02.06880.088 1628.95430.74-.002932       0 2 2 11       0 2 2 01                    R 30f     376663243110 9 711  2646.0 2562.0
 2B 2261.315300 2.170E-30 1.748E+02.06880.088 1628.95570.74-.002932       0 2 2 11       0 2 2 01                    R 30e     376663243110 9 711  1890.0 1830.0
 2B 2261.321197 2.160E-30 1.722E+02.06990.091 1598.88160.73-.002742       1 0 0 11       1 0 0 01                    R 26e     376663243110 9 711  1650.0 1590.0
 2B 2261.388398 7.590E-28 2.076E+02.08660.118    7.34420.69-.002743       0 0 0 11       0 0 0 01                    P  4e     576663243110 9 711   210.0  270.0
 2B 2261.710458 3.490E-30 1.737E+02.06990.091 1501.84470.73-.002742       1 0 0 12       1 0 0 02                    R 26e     376663243110 9 711  1650.0 1590.0
 2B 2261.825136 1.170E-28 1.722E+02.07700.104  700.34190.68-.001890       0 1 1 11       0 1 1 01                    R 12e     476663243110 9 711  1134.0 1050.0
 2B 2261.836901 8.370E-29 1.725E+02.07700.104  700.43020.68-.001890       0 1 1 11       0 1 1 01                    R 12f     476663243110 9 711   810.0  750.0
 2B 2261.874631 2.010E-30 1.754E+02.06850.087 1651.78780.74-.002977       0 2 2 11       0 2 2 01                    R 31f     376663243110 9 711  1950.0 1890.0
 2B 2261.875540 2.810E-30 1.752E+02.06850.087 1651.78940.74-.002977       0 2 2 11       0 2 2 01                    R 31e     376663243110 9 711  2730.0 2646.0
 2B 2261.896167 2.850E-30 1.725E+02.06960.090 1618.69520.73-.002791       1 0 0 11       1 0 0 01                    R 27e     376663243110 9 711  2394.0 2310.0
 2B 2262.139509 8.080E-28 2.181E+02.08850.120    4.40650.70-.002656       0 0 0 11       0 0 0 01                    P  3e     576663243110 9 711   210.0  294.0
 2B 2262.293282 4.600E-30 1.738E+02.06960.090 1521.68160.73-.002791       1 0 0 12       1 0 0 02                    R 27e     376663243110 9 711  2394.0 2310.0
 2B 2262.429200 2.580E-30 1.751E+02.06830.086 1675.35710.74-.003021       0 2 2 11       0 2 2 01                    R 32f     376663243110 9 711  2814.0 2730.0
 2B 2262.430216 1.850E-30 1.758E+02.06830.086 1675.35860.74-.003021       0 2 2 11       0 2 2 01                    R 32e     376663243110 9 711  2010.0 1950.0
 2B 2262.465419 1.910E-30 1.729E+02.06930.089 1639.24190.73-.002839       1 0 0 11       1 0 0 01                    R 28e     376663243110 9 711  1770.0 1710.0
 2B 2262.482872 8.610E-29 1.731E+02.07620.103  709.89800.68-.001965       0 1 1 11       0 1 1 01                    R 13e     476663243110 9 711   870.0  810.0
 2B 2262.495313 1.200E-28 1.724E+02.07620.103  710.00110.68-.001965       0 1 1 11       0 1 1 01                    R 13f     476663243110 9 711  1218.0 1134.0
 2B 2262.870618 3.080E-30 1.741E+02.06930.089 1542.25260.73-.002839       1 0 0 12       1 0 0 02                    R 28e     376663243110 9 711  1770.0 1710.0
 2B 2262.885061 3.890E-28 2.425E+02.09050.123    2.20330.69-.002474       0 0 0 11       0 0 0 01                    P  2e     576663243110 9 711    90.0  150.0
 2B 2262.978194 1.690E-30 1.755E+02.06810.085 1699.66170.74-.003064       0 2 2 11       0 2 2 01                    R 33f     376663243110 9 711  2070.0 2010.0
 2B 2262.979327 2.360E-30 1.751E+02.06810.085 1699.66350.74-.003064       0 2 2 11       0 2 2 01                    R 33e     376663243110 9 711  2898.0 2814.0
 2B 2263.028951 2.490E-30 1.728E+02.06900.088 1660.52170.74-.002886       1 0 0 11       1 0 0 01                    R 29e     376663243110 9 711  2562.0 2478.0
 2B 2263.135056 1.230E-28 1.738E+02.07550.102  720.18910.69-.002037       0 1 1 11       0 1 1 01                    R 14e     476663243110 9 711  1302.0 1218.0
 2B 2263.148140 8.780E-29 1.738E+02.07550.102  720.30800.69-.002037       0 1 1 11       0 1 1 01                    R 14f     476663243110 9 711   930.0  870.0
 2B 2263.442464 4.020E-30 1.742E+02.06900.088 1563.55730.74-.002886       1 0 0 12       1 0 0 02                    R 29e     376663243110 9 711  2562.0 2478.0
 2B 2263.521611 2.160E-30 1.760E+02.06790.084 1724.70170.74-.003106       0 2 2 11       0 2 2 01                    R 34f     376663243110 9 711  2982.0 2898.0
 2B 2263.522871 1.540E-30 1.757E+02.06790.084 1724.70370.74-.003106       0 2 2 11       0 2 2 01                    R 34e     376663243110 9 711  2130.0 2070.0
 2B 2263.586762 1.650E-30 1.728E+02.06880.088 1682.53470.74-.002932       1 0 0 11       1 0 0 01                    R 30e     376663243110 9 711  1890.0 1830.0
 2B 2263.625049 2.740E-28 3.637E+02.09500.127    0.73440.69-.002011       0 0 0 11       0 0 0 01                    P  1e     576663243110 9 711    42.0  126.0
 2B 2263.781685 8.880E-29 1.742E+02.07480.101  731.21500.69-.002107       0 1 1 11       0 1 1 01                    R 15e     476663243110 9 711   990.0  930.0
 2B 2263.795379 1.240E-28 1.739E+02.07480.101  731.35090.69-.002107       0 1 1 11       0 1 1 01                    R 15f     476663243110 9 711  1386.0 1302.0
 2B 2264.008815 2.660E-30 1.740E+02.06880.088 1585.59550.74-.002932       1 0 0 12       1 0 0 02                    R 30e     376663243110 9 711  1890.0 1830.0
 2B 2264.059449 1.400E-30 1.761E+02.06770.084 1750.47710.74-.003147       0 2 2 11       0 2 2 01                    R 35f     376663243110 9 711  2190.0 2130.0
 2B 2264.060845 1.960E-30 1.761E+02.06770.084 1750.47920.74-.003147       0 2 2 11       0 2 2 01                    R 35e     376663243110 9 711  3066.0 2982.0
 2B 2264.138850 2.140E-30 1.734E+02.06850.087 1705.28060.74-.002977       1 0 0 11       1 0 0 01                    R 31e     376663243110 9 711  2730.0 2646.0
 2B 2264.422758 1.250E-28 1.750E+02.07420.100  742.97580.70-.002174       0 1 1 11       0 1 1 01                    R 16e     476663243110 9 711  1470.0 1386.0
 2B 2264.437028 8.910E-29 1.748E+02.07420.100  743.12980.70-.002174       0 1 1 11       0 1 1 01                    R 16f     476663243110 9 711  1050.0  990.0
 2B 2264.569668 3.450E-30 1.746E+02.06850.087 1608.36730.74-.002977       1 0 0 12       1 0 0 02                    R 31e     376663243110 9 711  2730.0 2646.0
 2B 2264.591705 1.770E-30 1.762E+02.06750.083 1776.98750.74-.003188       0 2 2 11       0 2 2 01                    R 36f     376663243110 9 711  3150.0 3066.0
 2B 2264.593248 1.260E-30 1.756E+02.06750.083 1776.98990.74-.003188       0 2 2 11       0 2 2 01                    R 36e     376663243110 9 711  2250.0 2190.0
 2B 2264.685212 1.400E-30 1.728E+02.06830.086 1728.75940.74-.003021       1 0 0 11       1 0 0 01                    R 32e     376663243110 9 711  2010.0 1950.0
 2B 2265.058270 8.890E-29 1.752E+02.07370.099  755.47130.70-.002238       0 1 1 11       0 1 1 01                    R 17e     476663243110 9 711  1110.0 1050.0
 2B 2265.073084 1.240E-28 1.747E+02.07370.099  755.64450.70-.002238       0 1 1 11       0 1 1 01                    R 17f     476663243110 9 711  1554.0 1470.0
 2B 2265.088328 1.970E-28 1.217E+02.09500.127    0.00000.69-.001055       0 0 0 11       0 0 0 01                    R  0e     576663243110 9 711    90.0   30.0
 2B 2265.118377 1.140E-30 1.767E+02.06730.082 1804.23320.75-.003227       0 2 2 11       0 2 2 01                    R 37f     376663243110 9 711  2310.0 2250.0
 2B 2265.120078 1.590E-30 1.761E+02.06730.082 1804.23580.75-.003227       0 2 2 11       0 2 2 01                    R 37e     376663243110 9 711  3234.0 3150.0
 2B 2265.125021 2.260E-30 1.742E+02.06830.086 1631.87260.74-.003021       1 0 0 12       1 0 0 02                    R 32e     376663243110 9 711  2010.0 1950.0
 2B 2265.225847 1.800E-30 1.734E+02.06810.085 1752.97110.74-.003064       1 0 0 11       1 0 0 01                    R 33e     376663243110 9 711  2898.0 2814.0
 2B 2265.639462 1.420E-30 1.757E+02.06720.081 1832.21360.75-.003266       0 2 2 11       0 2 2 01                    R 38f     376663243110 9 711  3318.0 3234.0
 2B 2265.641332 1.020E-30 1.767E+02.06720.081 1832.21660.75-.003266       0 2 2 11       0 2 2 01                    R 38e     376663243110 9 711  2370.0 2310.0
 2B 2265.674869 2.900E-30 1.745E+02.06810.085 1656.11120.74-.003064       1 0 0 12       1 0 0 02                    R 33e     376663243110 9 711  2898.0 2814.0
 2B 2265.688221 1.230E-28 1.753E+02.07310.098  768.70160.70-.002301       0 1 1 11       0 1 1 01                    R 18e     476663243110 9 711  1638.0 1554.0
 2B 2265.703545 8.790E-29 1.756E+02.07310.098  768.89520.70-.002301       0 1 1 11       0 1 1 01                    R 18f     476663243110 9 711  1170.0 1110.0
 2B 2265.760751 1.170E-30 1.732E+02.06790.084 1777.91550.74-.003106       1 0 0 11       1 0 0 01                    R 34e     376663243110 9 711  2130.0 2070.0
 2B 2265.811611 5.480E-28 1.457E+02.09500.123    0.73440.69-.000845       0 0 0 11       0 0 0 01                    R  1e     576663243110 9 711   210.0  126.0
 2B 2266.157010 1.270E-30 1.763E+02.06700.080 1860.93230.75-.003304       0 2 2 11       0 2 2 01                    R 39e     376663243110 9 711  3402.0 3318.0
 2B 2266.219210 1.890E-30 1.748E+02.06790.084 1681.08310.74-.003106       1 0 0 12       1 0 0 02                    R 34e     376663243110 9 711  2130.0 2070.0
 2B 2266.289924 1.490E-30 1.737E+02.06770.084 1803.59270.74-.003147       1 0 0 11       1 0 0 01                    R 35e     376663243110 9 711  3066.0 2982.0
 2B 2266.312606 8.660E-29 1.760E+02.07260.097  782.66660.71-.002361       0 1 1 11       0 1 1 01                    R 19e     476663243110 9 711  1230.0 1170.0
 2B 2266.328406 1.210E-28 1.758E+02.07260.097  782.88160.71-.002361       0 1 1 11       0 1 1 01                    R 19f     476663243110 9 711  1722.0 1638.0
 2B 2266.529321 5.830E-28 1.563E+02.09050.120    2.20330.70-.000885       0 0 0 11       0 0 0 01                    R  2e     576663243110 9 711   210.0  150.0
 2B 2266.664861 1.130E-30 1.767E+02.06690.080 1890.37920.75-.003342       0 2 2 11       0 2 2 01                    R 40f     376663243110 9 711  3486.0 3402.0
 2B 2266.758039 2.400E-30 1.748E+02.06770.084 1706.78820.74-.003147       1 0 0 12       1 0 0 02                    R 35e     376663243110 9 711  3066.0 2982.0
 2B 2266.931423 1.190E-28 1.770E+02.07220.096  797.36610.71-.002420       0 1 1 11       0 1 1 01                    R 20e     476663243110 9 711  1806.0 1722.0
 2B 2266.947667 8.460E-29 1.764E+02.07220.096  797.60380.71-.002420       0 1 1 11       0 1 1 01                    R 20f     476663243110 9 711  1290.0 1230.0
 2B 2267.241454 1.080E-27 1.627E+02.08850.118    4.40650.69-.000994       0 0 0 11       0 0 0 01                    R  3e     576663243110 9 711   378.0  294.0
 2B 2267.291353 1.550E-30 1.750E+02.06750.083 1733.22620.74-.003188       1 0 0 12       1 0 0 02                    R 36e     376663243110 9 711  2250.0 2190.0
 2B 2267.331066 1.210E-30 1.736E+02.06730.082 1857.14450.75-.003227       1 0 0 11       1 0 0 01                    R 37e     376663243110 9 711  3234.0 3150.0
 2B 2267.544671 8.230E-29 1.766E+02.07170.095  812.80030.71-.002477       0 1 1 11       0 1 1 01                    R 21e     476663243110 9 711  1350.0 1290.0
 2B 2267.561323 1.150E-28 1.765E+02.07170.095  813.06170.71-.002477       0 1 1 11       0 1 1 01                    R 21f     476663243110 9 711  1890.0 1806.0
 2B 2267.819150 1.950E-30 1.749E+02.06730.082 1760.39710.75-.003227       1 0 0 12       1 0 0 02                    R 37e     376663243110 9 711  3234.0 3150.0
 2B 2267.948008 9.490E-28 1.662E+02.08660.116    7.34420.69-.001115       0 0 0 11       0 0 0 01                    R  4e     576663243110 9 711   330.0  270.0
 2B 2268.152345 1.110E-28 1.763E+02.07130.095  828.96890.72-.002533       0 1 1 11       0 1 1 01                    R 22e     476663243110 9 711  1974.0 1890.0
 2B 2268.169372 7.940E-29 1.768E+02.07130.095  829.25520.72-.002533       0 1 1 11       0 1 1 01                    R 22f     476663243110 9 711  1410.0 1350.0
 2B 2268.341426 1.250E-30 1.753E+02.06720.081 1788.30080.75-.003266       1 0 0 12       1 0 0 02                    R 38e     376663243110 9 711  2370.0 2310.0
 2B 2268.648979 1.560E-27 1.682E+02.08490.114   11.01630.68-.001234       0 0 0 11       0 0 0 01                    R  5e     576663243110 9 711   546.0  462.0
 2B 2268.754443 7.650E-29 1.773E+02.07090.094  845.87200.72-.002587       0 1 1 11       0 1 1 01                    R 23e     476663243110 9 711  1470.0 1410.0
 2B 2268.771812 1.070E-28 1.774E+02.07090.094  846.18430.72-.002587       0 1 1 11       0 1 1 01                    R 23f     476663243110 9 711  2058.0 1974.0
 2B 2268.858177 1.560E-30 1.753E+02.06700.080 1816.93730.75-.003304       1 0 0 12       1 0 0 02                    R 39e     376663243110 9 711  3402.0 3318.0
 2B 2269.344365 1.280E-27 1.712E+02.08340.112   15.42270.68-.001345       0 0 0 11       0 0 0 01                    R  6e     576663243110 9 711   450.0  390.0
 2B 2269.350963 1.020E-28 1.768E+02.07060.093  863.50950.72-.002640       0 1 1 11       0 1 1 01                    R 24e     476663243110 9 711  2142.0 2058.0
 2B 2269.368640 7.300E-29 1.775E+02.07060.093  863.84890.72-.002640       0 1 1 11       0 1 1 01                    R 24f     476663243110 9 711  1530.0 1470.0
 2B 2269.875090 1.230E-30 1.760E+02.06680.079 1876.40730.75-.003379       1 0 0 12       1 0 0 02                    R 41e     376563243110 9 711  3570.0 3486.0
 2B 2269.941903 6.960E-29 1.778E+02.07020.092  881.88120.73-.002691       0 1 1 11       0 1 1 01                    R 25e     476663243110 9 711  1590.0 1530.0
 2B 2269.959852 9.720E-29 1.777E+02.07020.092  882.24900.73-.002691       0 1 1 11       0 1 1 01                    R 25f     476663243110 9 711  2226.0 2142.0
 2B 2270.034163 1.990E-27 1.721E+02.08200.111   20.56350.68-.001450       0 0 0 11       0 0 0 01                    R  7e     576663243110 9 711   714.0  630.0
 2B 2270.527259 9.220E-29 1.780E+02.06990.091  900.98730.73-.002742       0 1 1 11       0 1 1 01                    R 26e     476663243110 9 711  2310.0 2226.0
 2B 2270.545447 6.570E-29 1.779E+02.06990.091  901.38440.73-.002742       0 1 1 11       0 1 1 01                    R 26f     476663243110 9 711  1650.0 1590.0
 2B 2270.718370 1.560E-27 1.740E+02.08080.109   26.43860.68-.001548       0 0 0 11       0 0 0 01                    R  8e     576663243110 9 711   570.0  510.0
 2B 2271.107029 6.200E-29 1.782E+02.06960.090  920.82740.73-.002791       0 1 1 11       0 1 1 01                    R 27e     476663243110 9 711  1710.0 1650.0
 2B 2271.125422 8.660E-29 1.781E+02.06960.090  921.25510.73-.002791       0 1 1 11       0 1 1 01                    R 27f     476663243110 9 711  2394.0 2310.0
 2B 2271.396984 2.340E-27 1.742E+02.07970.108   33.04810.68-.001641       0 0 0 11       0 0 0 01                    R  9e     576663243110 9 711   882.0  798.0
 2B 2271.681210 8.140E-29 1.785E+02.06930.089  941.40170.73-.002839       0 1 1 11       0 1 1 01                    R 28e     476663243110 9 711  2478.0 2394.0
 2B 2271.699774 5.800E-29 1.784E+02.06930.089  941.86100.73-.002839       0 1 1 11       0 1 1 01                    R 28f     476663243110 9 711  1770.0 1710.0
 2B 2272.070002 1.780E-27 1.757E+02.07870.107   40.39190.68-.001728       0 0 0 11       0 0 0 01                    R 10e     576663243110 9 711   690.0  630.0
 2B 2272.249801 5.420E-29 1.786E+02.06900.088  962.71000.74-.002886       0 1 1 11       0 1 1 01                    R 29e     476663243110 9 711  1830.0 1770.0
 2B 2272.268500 7.570E-29 1.786E+02.06900.088  963.20200.74-.002886       0 1 1 11       0 1 1 01                    R 29f     476663243110 9 711  2562.0 2478.0
 2B 2272.737420 2.610E-27 1.762E+02.07780.105   48.46990.68-.001811       0 0 0 11       0 0 0 01                    R 11e     576663243110 9 711  1050.0  966.0
 2B 2272.812797 7.050E-29 1.789E+02.06880.088  984.75220.74-.002932       0 1 1 11       0 1 1 01                    R 30e     476663243110 9 711  2646.0 2562.0
 2B 2272.831597 5.020E-29 1.788E+02.06880.088  985.27810.74-.002932       0 1 1 11       0 1 1 01                    R 30f     476663243110 9 711  1890.0 1830.0
 2B 2273.370198 4.650E-29 1.789E+02.06850.087 1007.52820.74-.002977       0 1 1 11       0 1 1 01                    R 31e     476663243110 9 711  1950.0 1890.0
 2B 2273.389064 6.490E-29 1.789E+02.06850.087 1008.08910.74-.002977       0 1 1 11       0 1 1 01                    R 31f     476663243110 9 711  2730.0 2646.0
 2B 2273.399237 1.930E-27 1.764E+02.07700.104   57.28220.68-.001890       0 0 0 11       0 0 0 01                    R 12e     576663243110 9 711   810.0  750.0
 2B 2273.922000 5.990E-29 1.792E+02.06830.086 1031.03800.74-.003021       0 1 1 11       0 1 1 01                    R 32e     476663243110 9 711  2814.0 2730.0
 2B 2273.940896 4.270E-29 1.793E+02.06830.086 1031.63500.74-.003021       0 1 1 11       0 1 1 01                    R 32f     476663243110 9 711  2010.0 1950.0
 2B 2274.055450 2.780E-27 1.771E+02.07620.103   66.82870.68-.001965       0 0 0 11       0 0 0 01                    R 13e     576663243110 9 711  1218.0 1134.0
 2B 2274.468201 3.920E-29 1.794E+02.06810.085 1055.28140.74-.003064       0 1 1 11       0 1 1 01                    R 33e     476663243110 9 711  2070.0 2010.0
 2B 2274.487093 5.470E-29 1.794E+02.06810.085 1055.91560.74-.003064       0 1 1 11       0 1 1 01                    R 33f     476663243110 9 711  2898.0 2814.0
 2B 2274.706055 2.030E-27 1.781E+02.07550.102   77.10930.69-.002037       0 0 0 11       0 0 0 01                    R 14e     576663243110 9 711   930.0  870.0
 2B 2275.008799 5.000E-29 1.794E+02.06790.084 1080.25840.74-.003106       0 1 1 11       0 1 1 01                    R 34e     476663243110 9 711  2982.0 2898.0
 2B 2275.027650 3.560E-29 1.795E+02.06790.084 1080.93120.74-.003106       0 1 1 11       0 1 1 01                    R 34f     476663243110 9 711  2130.0 2070.0
 2B 2275.351050 2.870E-27 1.784E+02.07480.101   88.12410.69-.002107       0 0 0 11       0 0 0 01                    R 15e     576663243110 9 711  1386.0 1302.0
 2B 2275.543790 3.240E-29 1.795E+02.06770.084 1105.96880.74-.003147       0 1 1 11       0 1 1 01                    R 35e     476663243110 9 711  2190.0 2130.0
 2B 2275.562566 4.520E-29 1.795E+02.06770.084 1106.68100.74-.003147       0 1 1 11       0 1 1 01                    R 35f     476663243110 9 711  3066.0 2982.0
 2B 2275.990433 2.060E-27 1.790E+02.07420.100   99.87290.70-.002174       0 0 0 11       0 0 0 01                    R 16e     576663243110 9 711  1050.0  990.0
 2B 2276.073173 4.100E-29 1.797E+02.06750.083 1132.41260.74-.003188       0 1 1 11       0 1 1 01                    R 36e     476663243110 9 711  3150.0 3066.0
 2B 2276.091837 2.920E-29 1.798E+02.06750.083 1133.16550.74-.003188       0 1 1 11       0 1 1 01                    R 36f     476663243110 9 711  2250.0 2190.0
 2B 2276.596944 2.640E-29 1.801E+02.06730.082 1159.58970.75-.003227       0 1 1 11       0 1 1 01                    R 37e     476663243110 9 711  2310.0 2250.0
 2B 2276.615461 3.680E-29 1.800E+02.06730.082 1160.38430.75-.003227       0 1 1 11       0 1 1 01                    R 37f     476663243110 9 711  3234.0 3150.0
 2B 2276.624201 2.870E-27 1.792E+02.07370.099  112.35580.70-.002238       0 0 0 11       0 0 0 01                    R 17e     576663243110 9 711  1554.0 1470.0
 2B 2277.115103 3.310E-29 1.801E+02.06720.081 1187.50000.75-.003266       0 1 1 11       0 1 1 01                    R 38e     476663243110 9 711  3318.0 3234.0
 2B 2277.133436 2.350E-29 1.798E+02.06720.081 1188.33740.75-.003266       0 1 1 11       0 1 1 01                    R 38f     476663243110 9 711  2370.0 2310.0
 2B 2277.252350 2.030E-27 1.796E+02.07310.098  125.57270.70-.002301       0 0 0 11       0 0 0 01                    R 18e     576663243110 9 711  1170.0 1110.0
 2B 2277.627645 2.110E-29 1.803E+02.06700.080 1216.14320.75-.003304       0 1 1 11       0 1 1 01                    R 39e     476663243110 9 711  2430.0 2370.0
 2B 2277.645759 2.940E-29 1.802E+02.06700.080 1217.02470.75-.003304       0 1 1 11       0 1 1 01                    R 39f     476663243110 9 711  3402.0 3318.0
 2B 2277.874879 2.790E-27 1.796E+02.07260.097  139.52350.71-.002361       0 0 0 11       0 0 0 01                    R 19e     576663243110 9 711  1722.0 1638.0
 2B 2278.134570 2.620E-29 1.801E+02.06690.080 1245.51940.75-.003342       0 1 1 11       0 1 1 01                    R 40e     476663243110 9 711  3486.0 3402.0
 2B 2278.152427 1.870E-29 1.808E+02.06690.080 1246.44590.75-.003342       0 1 1 11       0 1 1 01                    R 40f     476663243110 9 711  2490.0 2430.0
 2B 2278.491785 1.950E-27 1.800E+02.07220.096  154.20820.71-.002420       0 0 0 11       0 0 0 01                    R 20e     576663243110 9 711  1290.0 1230.0
 2B 2278.635873 1.660E-29 1.807E+02.06680.079 1275.62850.75-.003379       0 1 1 11       0 1 1 01                    R 41e     476563243110 9 711  2550.0 2490.0
 2B 2278.653438 2.310E-29 1.804E+02.06680.079 1276.60120.75-.003379       0 1 1 11       0 1 1 01                    R 41f     476563243110 9 711  3570.0 3486.0
 2B 2279.103064 2.660E-27 1.808E+02.07170.095  169.62670.71-.002477       0 0 0 11       0 0 0 01                    R 21e     576663243110 9 711  1890.0 1806.0
 2B 2279.131554 2.050E-29 1.810E+02.06660.078 1306.47020.75-.003415       0 1 1 11       0 1 1 01                    R 42e     476563243110 9 711  3654.0 3570.0
 2B 2279.148788 1.450E-29 1.801E+02.06660.078 1307.49020.75-.003415       0 1 1 11       0 1 1 01                    R 42f     476563243110 9 711  2610.0 2550.0
 2B 2279.621609 1.280E-29 1.804E+02.06650.077 1338.04460.74-.003450       0 1 1 11       0 1 1 01                    R 43e     476563243110 9 711  2670.0 2610.0
 2B 2279.638477 1.790E-29 1.811E+02.06650.077 1339.11300.74-.003450       0 1 1 11       0 1 1 01                    R 43f     476563243110 9 711  3738.0 3654.0
 2B 2279.708715 1.830E-27 1.804E+02.07130.095  185.77900.72-.002533       0 0 0 11       0 0 0 01                    R 22e     576663243110 9 711  1410.0 1350.0
 2B 2280.106036 1.570E-29 1.809E+02.06640.077 1370.35130.74-.003485       0 1 1 11       0 1 1 01                    R 44e     476563243110 9 711  3822.0 3738.0
 2B 2280.122500 1.110E-29 1.800E+02.06640.077 1371.46940.74-.003485       0 1 1 11       0 1 1 01                    R 44f     476563243110 9 711  2730.0 2670.0
 2B 2280.308734 2.470E-27 1.812E+02.07090.094  202.66500.72-.002587       0 0 0 11       0 0 0 01                    R 23e     576663243110 9 711  2058.0 1974.0
 2B 2280.584834 9.750E-30 1.808E+02.06630.076 1403.39040.74-.003519       0 1 1 11       0 1 1 01                    R 45e     476563243110 9 711  2790.0 2730.0
 2B 2280.600856 1.360E-29 1.811E+02.06630.076 1404.55910.74-.003519       0 1 1 11       0 1 1 01                    R 45f     476563243110 9 711  3906.0 3822.0
 2B 2280.903120 1.680E-27 1.807E+02.07060.093  220.28470.72-.002640       0 0 0 11       0 0 0 01                    R 24e     576663243110 9 711  1530.0 1470.0
 2B 2281.057999 1.180E-29 1.804E+02.06620.075 1437.16170.74-.003552       0 1 1 11       0 1 1 01                    R 46e     476563243110 9 711  3990.0 3906.0
 2B 2281.073541 8.410E-30 1.810E+02.06620.075 1438.38220.74-.003552       0 1 1 11       0 1 1 01                    R 46f     476563243110 9 711  2850.0 2790.0
 2B 2281.491868 2.240E-27 1.811E+02.07020.092  238.63790.73-.002691       0 0 0 11       0 0 0 01                    R 25e     576663243110 9 711  2226.0 2142.0
 2B 2281.525529 7.300E-30 1.810E+02.06620.075 1471.66500.74-.003585       0 1 1 11       0 1 1 01                    R 47e     476563243110 9 711  2910.0 2850.0
 2B 2281.540554 1.020E-29 1.818E+02.06620.075 1472.93840.74-.003585       0 1 1 11       0 1 1 01                    R 47f     476563243110 9 711  4074.0 3990.0
 2B 2281.987422 8.790E-30 1.811E+02.06600.074 1506.90040.74-.003618       0 1 1 11       0 1 1 01                    R 48e     476563243110 9 711  4158.0 4074.0
 2B 2282.001891 6.240E-30 1.811E+02.06600.074 1508.22780.74-.003618       0 1 1 11       0 1 1 01                    R 48f     476563243110 9 711  2970.0 2910.0
 2B 2282.074978 1.520E-27 1.820E+02.06990.091  257.72470.73-.002742       0 0 0 11       0 0 0 01                    R 26e     576663243110 9 711  1650.0 1590.0
 2B 2282.443676 5.380E-30 1.812E+02.06590.074 1542.86760.74-.003649       0 1 1 11       0 1 1 01                    R 49e     476563243110 9 711  3030.0 2970.0
 2B 2282.457551 7.480E-30 1.812E+02.06590.074 1544.25000.74-.003649       0 1 1 11       0 1 1 01                    R 49f     476563243110 9 711  4242.0 4158.0
 2B 2282.652445 2.000E-27 1.819E+02.06960.090  277.54480.73-.002791       0 0 0 11       0 0 0 01                    R 27e     576663243110 9 711  2394.0 2310.0
 2B 2283.224268 1.340E-27 1.822E+02.06930.089  298.09830.73-.002839       0 0 0 11       0 0 0 01                    R 28e     576663243110 9 711  1770.0 1710.0
 2B 2283.790444 1.750E-27 1.824E+02.06900.088  319.38510.74-.002886       0 0 0 11       0 0 0 01                    R 29e     576663243110 9 711  2562.0 2478.0
 2B 2284.350970 1.160E-27 1.825E+02.06880.088  341.40510.74-.002932       0 0 0 11       0 0 0 01                    R 30e     576663243110 9 711  1890.0 1830.0
 2B 2284.905844 1.500E-27 1.826E+02.06850.087  364.15820.74-.002977       0 0 0 11       0 0 0 01                    R 31e     576663243110 9 711  2730.0 2646.0
 2B 2285.455063 9.850E-28 1.826E+02.06830.086  387.64430.74-.003021       0 0 0 11       0 0 0 01                    R 32e     576663243110 9 711  2010.0 1950.0
 2B 2285.998624 1.260E-27 1.824E+02.06810.085  411.86330.74-.003064       0 0 0 11       0 0 0 01                    R 33e     576663243110 9 711  2898.0 2814.0
 2B 2286.536525 8.230E-28 1.830E+02.06790.084  436.81520.74-.003106       0 0 0 11       0 0 0 01                    R 34e     576663243110 9 711  2130.0 2070.0
 2B 2287.068764 1.050E-27 1.839E+02.06770.084  462.49980.74-.003147       0 0 0 11       0 0 0 01                    R 35e     576663243110 9 711  3066.0 2982.0
 2B 2287.595337 6.750E-28 1.833E+02.06750.083  488.91710.74-.003188       0 0 0 11       0 0 0 01                    R 36e     576663243110 9 711  2250.0 2190.0
 2B 2288.116242 8.510E-28 1.835E+02.06730.082  516.06690.75-.003227       0 0 0 11       0 0 0 01                    R 37e     576663243110 9 711  3234.0 3150.0
 2B 2288.631478 5.450E-28 1.837E+02.06720.081  543.94910.75-.003266       0 0 0 11       0 0 0 01                    R 38e     576663243110 9 711  2370.0 2310.0
 2B 2289.141040 6.800E-28 1.836E+02.06700.080  572.56370.75-.003304       0 0 0 11       0 0 0 01                    R 39e     576663243110 9 711  3402.0 3318.0
 2B 2289.644927 4.320E-28 1.839E+02.06690.080  601.91050.75-.003342       0 0 0 11       0 0 0 01                    R 40e     576663243110 9 711  2490.0 2430.0
 2B 2290.143136 5.350E-28 1.839E+02.06680.079  631.98940.75-.003379       0 0 0 11       0 0 0 01                    R 41e     576563243110 9 711  3570.0 3486.0
 2B 2290.635665 3.370E-28 1.841E+02.06660.078  662.80020.75-.003415       0 0 0 11       0 0 0 01                    R 42e     576563243110 9 711  2610.0 2550.0
 2B 2291.122511 4.140E-28 1.842E+02.06650.077  694.34300.74-.003450       0 0 0 11       0 0 0 01                    R 43e     576563243110 9 711  3738.0 3654.0
 2B 2291.603671 2.580E-28 1.839E+02.06640.077  726.61750.74-.003485       0 0 0 11       0 0 0 01                    R 44e     576563243110 9 711  2730.0 2670.0
 2B 2292.079144 3.150E-28 1.844E+02.06630.076  759.62360.74-.003519       0 0 0 11       0 0 0 01                    R 45e     576563243110 9 711  3906.0 3822.0
 2B 2292.548926 1.950E-28 1.844E+02.06620.075  793.36120.74-.003552       0 0 0 11       0 0 0 01                    R 46e     576563243110 9 711  2850.0 2790.0
 2B 2293.013015 2.360E-28 1.846E+02.06620.075  827.83020.74-.003585       0 0 0 11       0 0 0 01                    R 47e     576563243110 9 711  4074.0 3990.0
 2B 2293.471409 1.450E-28 1.847E+02.06600.074  863.03040.74-.003618       0 0 0 11       0 0 0 01                    R 48e     576563243110 9 711  2970.0 2910.0
 2B 2293.924106 1.740E-28 1.849E+02.06590.074  898.96170.74-.003649       0 0 0 11       0 0 0 01                    R 49e     576563243110 9 711  4242.0 4158.0
 2B 3441.164266 1.030E-30 3.996E+00.07170.096  813.06170.71-.004225       1 1 1 12       0 1 1 01                    P 21f     376663243110 9 711  1722.0 1806.0
 2B 3441.898478 1.050E-30 3.970E+00.07220.097  797.36610.71-.004202       1 1 1 12       0 1 1 01                    P 20e     476663243110 9 711  1638.0 1722.0
 2B 3442.810257 1.070E-30 3.976E+00.07260.098  782.88160.70-.004179       1 1 1 12       0 1 1 01                    P 19f     376663243110 9 711  1554.0 1638.0
 2B 3443.555266 1.090E-30 3.999E+00.07310.099  768.70160.70-.004156       1 1 1 12       0 1 1 01                    P 18e     376663243110 9 711  1470.0 1554.0
 2B 3444.438383 1.090E-30 3.982E+00.07370.100  755.64450.70-.004132       1 1 1 12       0 1 1 01                    P 17f     376663243110 9 711  1386.0 1470.0
 2B 3445.191886 1.090E-30 3.988E+00.07420.101  742.97580.69-.004108       1 1 1 12       0 1 1 01                    P 16e     376663243110 9 711  1302.0 1386.0
 2B 3445.246981 1.020E-30 4.173E+00.06580.074  935.62400.74-.004930       1 0 0 12       0 0 0 01                    P 50e     476553243110 9 711  2970.0 3030.0
 2B 3446.048680 1.080E-30 3.994E+00.07480.102  731.35090.69-.004083       1 1 1 12       0 1 1 01                    P 15f     376663243110 9 711  1218.0 1302.0
 2B 3446.218376 1.670E-30 4.170E+00.06590.074  898.96170.74-.004904       1 0 0 12       0 0 0 01                    P 49e     476563243110 9 711  4074.0 4158.0
 2B 3446.808350 1.070E-30 4.027E+00.07550.103  720.18910.68-.004056       1 1 1 12       0 1 1 01                    P 14e     476663243110 9 711  1134.0 1218.0
 2B 3447.184628 1.390E-30 4.169E+00.06600.075  863.03040.74-.004879       1 0 0 12       0 0 0 01                    P 48e     376563243110 9 711  2850.0 2910.0
 2B 3447.641177 1.040E-30 4.025E+00.07620.104  710.00110.68-.004029       1 1 1 12       0 1 1 01                    P 13f     476663243110 9 711  1050.0 1134.0
 2B 3448.145757 2.250E-30 4.152E+00.06620.075  827.83020.74-.004854       1 0 0 12       0 0 0 01                    P 47e     376563243110 9 711  3906.0 3990.0
 2B 3448.404668 1.000E-30 4.016E+00.07700.105  700.34190.68-.003999       1 1 1 12       0 1 1 01                    P 12e     476663243110 9 711   966.0 1050.0
 2B 3449.101783 1.860E-30 4.155E+00.06620.076  793.36120.74-.004829       1 0 0 12       0 0 0 01                    P 46e     476563243110 9 711  2730.0 2790.0
 2B 3450.052723 2.990E-30 4.143E+00.06630.077  759.62360.74-.004803       1 0 0 12       0 0 0 01                    P 45e     476563243110 9 711  3738.0 3822.0
 2B 3450.998596 2.450E-30 4.143E+00.06640.077  726.61750.74-.004778       1 0 0 12       0 0 0 01                    P 44e     476563243110 9 711  2610.0 2670.0
 2B 3451.939420 3.900E-30 4.124E+00.06650.078  694.34300.75-.004753       1 0 0 12       0 0 0 01                    P 43e     376563243110 9 711  3570.0 3654.0
 2B 3452.875212 3.170E-30 4.125E+00.06660.079  662.80020.75-.004728       1 0 0 12       0 0 0 01                    P 42e     376563243110 9 711  2490.0 2550.0
 2B 3453.805991 5.020E-30 4.119E+00.06680.080  631.98940.75-.004703       1 0 0 12       0 0 0 01                    P 41e     376563243110 9 711  3402.0 3486.0
 2B 3454.731772 4.040E-30 4.113E+00.06690.080  601.91050.75-.004678       1 0 0 12       0 0 0 01                    P 40e     376663243110 9 711  2370.0 2430.0
 2B 3455.652571 6.340E-30 4.103E+00.06700.081  572.56370.75-.004653       1 0 0 12       0 0 0 01                    P 39e     476663243110 9 711  3234.0 3318.0
 2B 3456.568405 5.060E-30 4.098E+00.06720.082  543.94910.75-.004628       1 0 0 12       0 0 0 01                    P 38e     376663243110 9 711  2250.0 2310.0
 2B 3457.479289 7.880E-30 4.092E+00.06730.083  516.06690.74-.004603       1 0 0 12       0 0 0 01                    P 37e     376663243110 9 711  3066.0 3150.0
 2B 3458.385239 6.240E-30 4.090E+00.06750.084  488.91710.74-.004578       1 0 0 12       0 0 0 01                    P 36e     376663243110 9 711  2130.0 2190.0
 2B 3459.286268 9.640E-30 4.086E+00.06770.084  462.49980.74-.004554       1 0 0 12       0 0 0 01                    P 35e     376663243110 9 711  2898.0 2982.0
 2B 3460.182391 7.560E-30 4.080E+00.06790.085  436.81520.74-.004529       1 0 0 12       0 0 0 01                    P 34e     476663243110 9 711  2010.0 2070.0
 2B 3461.073622 1.160E-29 4.085E+00.06810.086  411.86330.74-.004505       1 0 0 12       0 0 0 01                    P 33e     376663243110 9 711  2730.0 2814.0
 2B 3461.959973 9.000E-30 4.072E+00.06830.087  387.64430.74-.004481       1 0 0 12       0 0 0 01                    P 32e     376663243110 9 711  1890.0 1950.0
 2B 3462.841459 1.370E-29 4.081E+00.06850.088  364.15820.74-.004457       1 0 0 12       0 0 0 01                    P 31e     476663243110 9 711  2562.0 2646.0
 2B 3463.718090 1.050E-29 4.056E+00.06880.088  341.40510.74-.004433       1 0 0 12       0 0 0 01                    P 30e     476663243110 9 711  1770.0 1830.0
 2B 3464.589880 1.580E-29 4.056E+00.06900.089  319.38510.73-.004409       1 0 0 12       0 0 0 01                    P 29e     376663243110 9 711  2394.0 2478.0
 2B 3465.312109 1.010E-30 3.772E+00.07870.107  683.43440.68-.002769       1 1 1 12       0 1 1 01                    R 10e     476663243110 9 711   966.0  882.0
 2B 3465.456840 1.210E-29 4.066E+00.06930.090  298.09830.73-.004386       1 0 0 12       0 0 0 01                    P 28e     376663243110 9 711  1650.0 1710.0
 2B 3466.046843 1.060E-30 3.791E+00.07780.105  691.59540.68-.002872       1 1 1 12       0 1 1 01                    R 11f     476663243110 9 711  1050.0  966.0
 2B 3466.318980 1.800E-29 4.059E+00.06960.091  277.54480.73-.004363       1 0 0 12       0 0 0 01                    P 27e     476663243110 9 711  2226.0 2310.0
 2B 3466.655571 1.100E-30 3.803E+00.07700.104  700.34190.68-.002971       1 1 1 12       0 1 1 01                    R 12e     476663243110 9 711  1134.0 1050.0
 2B 3467.176311 1.360E-29 4.054E+00.06990.092  257.72470.73-.004339       1 0 0 12       0 0 0 01                    P 26e     376663243110 9 711  1530.0 1590.0
 2B 3467.398500 1.130E-30 3.813E+00.07620.103  710.00110.68-.003065       1 1 1 12       0 1 1 01                    R 13f     476663243110 9 711  1218.0 1134.0
 2B 3467.978577 1.160E-30 3.849E+00.07550.102  720.18910.69-.003155       1 1 1 12       0 1 1 01                    R 14e     476663243110 9 711  1302.0 1218.0
 2B 3468.028843 2.010E-29 4.062E+00.07020.093  238.63790.72-.004316       1 0 0 12       0 0 0 01                    P 25e     476663243110 9 711  2058.0 2142.0
 2B 3468.732022 1.170E-30 3.852E+00.07480.101  731.35090.69-.003242       1 1 1 12       0 1 1 01                    R 15f     376663243110 9 711  1386.0 1302.0
 2B 3468.876587 1.500E-29 4.049E+00.07060.094  220.28470.72-.004293       1 0 0 12       0 0 0 01                    P 24e     476663243110 9 711  1410.0 1470.0
 2B 3469.281072 1.180E-30 3.877E+00.07420.100  742.97580.70-.003326       1 1 1 12       0 1 1 01                    R 16e     476663243110 9 711  1470.0 1386.0
 2B 3469.719551 2.200E-29 4.068E+00.07090.095  202.66500.72-.004271       1 0 0 12       0 0 0 01                    P 23e     476663243110 9 711  1890.0 1974.0
 2B 3470.047333 1.170E-30 3.869E+00.07370.099  755.64450.70-.003406       1 1 1 12       0 1 1 01                    R 17f     376663243110 9 711  1554.0 1470.0
 2B 3470.557743 1.630E-29 4.070E+00.07130.095  185.77900.71-.004248       1 0 0 12       0 0 0 01                    P 22e     376663243110 9 711  1290.0 1350.0
 2B 3470.562996 1.160E-30 3.879E+00.07310.098  768.70160.70-.003485       1 1 1 12       0 1 1 01                    R 18e     476663243110 9 711  1638.0 1554.0
 2B 3471.344353 1.150E-30 3.921E+00.07260.097  782.88160.71-.003561       1 1 1 12       0 1 1 01                    R 19f     376663243110 9 711  1722.0 1638.0
 2B 3471.391172 2.350E-29 4.066E+00.07170.096  169.62670.71-.004225       1 0 0 12       0 0 0 01                    P 21e     476663243110 9 711  1722.0 1806.0
 2B 3471.824286 1.120E-30 3.908E+00.07220.096  797.36610.71-.003634       1 1 1 12       0 1 1 01                    R 20e     376663243110 9 711  1806.0 1722.0
 2B 3472.219846 1.720E-29 4.066E+00.07220.097  154.20820.71-.004202       1 0 0 12       0 0 0 01                    P 20e     476663243110 9 711  1170.0 1230.0
 2B 3472.622991 1.090E-30 3.924E+00.07170.095  813.06170.71-.003706       1 1 1 12       0 1 1 01                    R 21f     476663243110 9 711  1890.0 1806.0
 2B 3473.043772 2.460E-29 4.078E+00.07260.098  139.52350.70-.004179       1 0 0 12       0 0 0 01                    P 19e     476663243110 9 711  1554.0 1638.0
 2B 3473.064875 1.060E-30 3.948E+00.07130.095  828.96890.72-.003776       1 1 1 12       0 1 1 01                    R 22e     476663243110 9 711  1974.0 1890.0
 2B 3473.862956 1.780E-29 4.083E+00.07310.099  125.57270.70-.004156       1 0 0 12       0 0 0 01                    P 18e     476663243110 9 711  1050.0 1110.0
 2B 3473.883153 1.020E-30 3.964E+00.07090.094  846.18430.72-.003844       1 1 1 12       0 1 1 01                    R 23f     476663243110 9 711  2058.0 1974.0
 2B 3474.677405 2.500E-29 4.076E+00.07370.100  112.35580.70-.004132       1 0 0 12       0 0 0 01                    P 17e     476663243110 9 711  1386.0 1470.0
 2B 3475.487125 1.790E-29 4.095E+00.07420.101   99.87290.69-.004108       1 0 0 12       0 0 0 01                    P 16e     376663243110 9 711   930.0  990.0
 2B 3476.292121 2.480E-29 4.094E+00.07480.102   88.12410.69-.004083       1 0 0 12       0 0 0 01                    P 15e     376663243110 9 711  1218.0 1302.0
 2B 3477.092397 1.750E-29 4.119E+00.07550.103   77.10930.68-.004056       1 0 0 12       0 0 0 01                    P 14e     376663243110 9 711   810.0  870.0
 2B 3477.887958 2.380E-29 4.113E+00.07620.104   66.82870.68-.004029       1 0 0 12       0 0 0 01                    P 13e     476663243110 9 711  1050.0 1134.0
 2B 3478.678808 1.640E-29 4.119E+00.07700.105   57.28220.68-.003999       1 0 0 12       0 0 0 01                    P 12e     476663243110 9 711   690.0  750.0
 2B 3479.464949 2.200E-29 4.143E+00.07780.107   48.46990.68-.003967       1 0 0 12       0 0 0 01                    P 11e     476663243110 9 711   882.0  966.0
 2B 3480.246385 1.490E-29 4.177E+00.07870.108   40.39190.68-.003932       1 0 0 12       0 0 0 01                    P 10e     476663243110 9 711   570.0  630.0
 2B 3481.023118 1.940E-29 4.191E+00.07970.109   33.04810.68-.003893       1 0 0 12       0 0 0 01                    P  9e     476663243110 9 711   714.0  798.0
 2B 3481.795150 1.270E-29 4.217E+00.08080.111   26.43860.68-.003849       1 0 0 12       0 0 0 01                    P  8e     376663243110 9 711   450.0  510.0
 2B 3482.562482 1.600E-29 4.258E+00.08200.112   20.56350.68-.003798       1 0 0 12       0 0 0 01                    P  7e     476663243110 9 711   546.0  630.0
 2B 3483.325114 1.010E-29 4.339E+00.08340.114   15.42270.68-.003740       1 0 0 12       0 0 0 01                    P  6e     476663243110 9 711   330.0  390.0
 2B 3484.083048 1.200E-29 4.407E+00.08490.116   11.01630.69-.003669       1 0 0 12       0 0 0 01                    P  5e     376663243110 9 711   378.0  462.0
 2B 3484.836281 6.980E-30 4.535E+00.08660.118    7.34420.69-.003579       1 0 0 12       0 0 0 01                    P  4e     476663243110 9 711   210.0  270.0
 2B 3485.584815 7.440E-30 4.767E+00.08850.120    4.40650.70-.003448       1 0 0 12       0 0 0 01                    P  3e     376663243110 9 711   210.0  294.0
 2B 3486.328647 3.580E-30 5.297E+00.09050.123    2.20330.69-.003216       1 0 0 12       0 0 0 01                    P  2e     476663243110 9 711    90.0  150.0
 2B 3487.067776 2.520E-30 7.937E+00.09500.127    0.73440.69-.002696       1 0 0 12       0 0 0 01                    P  1e     376663243110 9 711    42.0  126.0
 2B 3488.531914 1.810E-30 2.653E+00.09500.127    0.00000.69-.001740       1 0 0 12       0 0 0 01                    R  0e     476663243110 9 711    90.0   30.0
 2B 3489.256917 5.050E-30 3.185E+00.09500.123    0.73440.69-.001588       1 0 0 12       0 0 0 01                    R  1e     376663243110 9 711   210.0  126.0
 2B 3489.977205 5.380E-30 3.419E+00.09050.120    2.20330.70-.001677       1 0 0 12       0 0 0 01                    R  2e     376663243110 9 711   210.0  150.0
 2B 3490.692772 9.940E-30 3.549E+00.08850.118    4.40650.69-.001829       1 0 0 12       0 0 0 01                    R  3e     476663243110 9 711   378.0  294.0
 2B 3491.403615 8.760E-30 3.635E+00.08660.116    7.34420.69-.001989       1 0 0 12       0 0 0 01                    R  4e     476663243110 9 711   330.0  270.0
 2B 3492.109727 1.450E-29 3.704E+00.08490.114   11.01630.68-.002142       1 0 0 12       0 0 0 01                    R  5e     376663243110 9 711   546.0  462.0
 2B 3492.811103 1.180E-29 3.738E+00.08340.112   15.42270.68-.002285       1 0 0 12       0 0 0 01                    R  6e     476663243110 9 711   450.0  390.0
 2B 3493.507737 1.840E-29 3.768E+00.08200.111   20.56350.68-.002418       1 0 0 12       0 0 0 01                    R  7e     376663243110 9 711   714.0  630.0
 2B 3494.199621 1.440E-29 3.802E+00.08080.109   26.43860.68-.002543       1 0 0 12       0 0 0 01                    R  8e     476663243110 9 711   570.0  510.0
 2B 3494.886749 2.170E-29 3.825E+00.07970.108   33.04810.68-.002659       1 0 0 12       0 0 0 01                    R  9e     476663243110 9 711   882.0  798.0
 2B 3495.569111 1.650E-29 3.855E+00.07870.107   40.39190.68-.002769       1 0 0 12       0 0 0 01                    R 10e     476663243110 9 711   690.0  630.0
 2B 3496.246701 2.430E-29 3.881E+00.07780.105   48.46990.68-.002872       1 0 0 12       0 0 0 01                    R 11e     376663243110 9 711  1050.0  966.0
 2B 3496.919508 1.800E-29 3.892E+00.07700.104   57.28220.68-.002971       1 0 0 12       0 0 0 01                    R 12e     476663243110 9 711   810.0  750.0
 2B 3497.587524 2.590E-29 3.902E+00.07620.103   66.82870.68-.003065       1 0 0 12       0 0 0 01                    R 13e     376663243110 9 711  1218.0 1134.0
 2B 3498.250739 1.890E-29 3.922E+00.07550.102   77.10930.69-.003155       1 0 0 12       0 0 0 01                    R 14e     476663243110 9 711   930.0  870.0
 2B 3498.909141 2.680E-29 3.938E+00.07480.101   88.12410.69-.003242       1 0 0 12       0 0 0 01                    R 15e     376663243110 9 711  1386.0 1302.0
 2B 3499.562721 1.930E-29 3.965E+00.07420.100   99.87290.70-.003326       1 0 0 12       0 0 0 01                    R 16e     376663243110 9 711  1050.0  990.0
 2B 3500.211467 2.690E-29 3.969E+00.07370.099  112.35580.70-.003406       1 0 0 12       0 0 0 01                    R 17e     376663243110 9 711  1554.0 1470.0
 2B 3500.855367 1.900E-29 3.972E+00.07310.098  125.57270.70-.003485       1 0 0 12       0 0 0 01                    R 18e     376663243110 9 711  1170.0 1110.0
 2B 3501.494408 2.630E-29 4.000E+00.07260.097  139.52350.71-.003561       1 0 0 12       0 0 0 01                    R 19e     376663243110 9 711  1722.0 1638.0
 2B 3502.128578 1.840E-29 4.013E+00.07220.096  154.20820.71-.003634       1 0 0 12       0 0 0 01                    R 20e     376663243110 9 711  1290.0 1230.0
 2B 3502.757863 2.510E-29 4.029E+00.07170.095  169.62670.71-.003706       1 0 0 12       0 0 0 01                    R 21e     376663243110 9 711  1890.0 1806.0
 2B 3503.382249 1.730E-29 4.027E+00.07130.095  185.77900.72-.003776       1 0 0 12       0 0 0 01                    R 22e     476663243110 9 711  1410.0 1350.0
 2B 3504.001723 2.340E-29 4.053E+00.07090.094  202.66500.72-.003844       1 0 0 12       0 0 0 01                    R 23e     376663243110 9 711  2058.0 1974.0
 2B 3504.616269 1.600E-29 4.062E+00.07060.093  220.28470.72-.003911       1 0 0 12       0 0 0 01                    R 24e     376663243110 9 711  1530.0 1470.0
 2B 3505.225872 2.130E-29 4.065E+00.07020.092  238.63790.73-.003976       1 0 0 12       0 0 0 01                    R 25e     476663243110 9 711  2226.0 2142.0
 2B 3505.830517 1.450E-29 4.098E+00.06990.091  257.72470.73-.004040       1 0 0 12       0 0 0 01                    R 26e     376663243110 9 711  1650.0 1590.0
 2B 3506.430186 1.910E-29 4.098E+00.06960.090  277.54480.73-.004102       1 0 0 12       0 0 0 01                    R 27e     476663243110 9 711  2394.0 2310.0
 2B 3507.024864 1.280E-29 4.106E+00.06930.089  298.09830.73-.004163       1 0 0 12       0 0 0 01                    R 28e     376663243110 9 711  1770.0 1710.0
 2B 3507.614534 1.680E-29 4.131E+00.06900.088  319.38510.74-.004223       1 0 0 12       0 0 0 01                    R 29e     476663243110 9 711  2562.0 2478.0
 2B 3508.199177 1.110E-29 4.119E+00.06880.088  341.40510.74-.004282       1 0 0 12       0 0 0 01                    R 30e     476663243110 9 711  1890.0 1830.0
 2B 3508.778775 1.450E-29 4.162E+00.06850.087  364.15820.74-.004339       1 0 0 12       0 0 0 01                    R 31e     376663243110 9 711  2730.0 2646.0
 2B 3509.353311 9.530E-30 4.166E+00.06830.086  387.64430.74-.004396       1 0 0 12       0 0 0 01                    R 32e     376663243110 9 711  2010.0 1950.0
 2B 3509.922765 1.220E-29 4.162E+00.06810.085  411.86330.74-.004451       1 0 0 12       0 0 0 01                    R 33e     476663243110 9 711  2898.0 2814.0
 2B 3510.487118 8.000E-30 4.194E+00.06790.084  436.81520.74-.004505       1 0 0 12       0 0 0 01                    R 34e     376663243110 9 711  2130.0 2070.0
 2B 3511.046350 1.020E-29 4.210E+00.06770.084  462.49980.74-.004559       1 0 0 12       0 0 0 01                    R 35e     476663243110 9 711  3066.0 2982.0
 2B 3511.600441 6.600E-30 4.222E+00.06750.083  488.91710.74-.004611       1 0 0 12       0 0 0 01                    R 36e     376663243110 9 711  2250.0 2190.0
 2B 3512.149369 8.340E-30 4.237E+00.06730.082  516.06690.75-.004663       1 0 0 12       0 0 0 01                    R 37e     476663243110 9 711  3234.0 3150.0
 2B 3512.693115 5.350E-30 4.248E+00.06720.081  543.94910.75-.004713       1 0 0 12       0 0 0 01                    R 38e     476663243110 9 711  2370.0 2310.0
 2B 3513.231656 6.710E-30 4.267E+00.06700.080  572.56370.75-.004763       1 0 0 12       0 0 0 01                    R 39e     376663243110 9 711  3402.0 3318.0
 2B 3513.764970 4.270E-30 4.280E+00.06690.080  601.91050.75-.004812       1 0 0 12       0 0 0 01                    R 40e     476663243110 9 711  2490.0 2430.0
 2B 3514.293036 5.310E-30 4.298E+00.06680.079  631.98940.75-.004860       1 0 0 12       0 0 0 01                    R 41e     476563243110 9 711  3570.0 3486.0
 2B 3514.815830 3.350E-30 4.310E+00.06660.078  662.80020.75-.004907       1 0 0 12       0 0 0 01                    R 42e     476563243110 9 711  2610.0 2550.0
 2B 3515.333329 4.130E-30 4.326E+00.06650.077  694.34300.74-.004954       1 0 0 12       0 0 0 01                    R 43e     476563243110 9 711  3738.0 3654.0
 2B 3515.845509 2.590E-30 4.347E+00.06640.077  726.61750.74-.004999       1 0 0 12       0 0 0 01                    R 44e     376563243110 9 711  2730.0 2670.0
 2B 3516.352347 3.170E-30 4.367E+00.06630.076  759.62360.74-.005044       1 0 0 12       0 0 0 01                    R 45e     376563243110 9 711  3906.0 3822.0
 2B 3516.853819 1.970E-30 4.383E+00.06620.075  793.36120.74-.005088       1 0 0 12       0 0 0 01                    R 46e     476563243110 9 711  2850.0 2790.0
 2B 3517.349899 2.390E-30 4.400E+00.06620.075  827.83020.74-.005132       1 0 0 12       0 0 0 01                    R 47e     476563243110 9 711  4074.0 3990.0
 2B 3517.840562 1.470E-30 4.406E+00.06600.074  863.03040.74-.005175       1 0 0 12       0 0 0 01                    R 48e     476563243110 9 711  2970.0 2910.0
 2B 3518.325783 1.770E-30 4.424E+00.06590.074  898.96170.74-.005217       1 0 0 12       0 0 0 01                    R 49e     376563243110 9 711  4242.0 4158.0
 2B 3541.048911 1.700E-30 7.347E+00.06580.074  935.62400.74-.004930       1 0 0 11       0 0 0 01                    P 50e     476553243110 9 711  2970.0 3030.0
 2B 3542.063454 2.790E-30 7.360E+00.06590.074  898.96170.74-.004904       1 0 0 11       0 0 0 01                    P 49e     376563243110 9 711  4074.0 4158.0
 2B 3543.072662 2.330E-30 7.382E+00.06600.075  863.03040.74-.004879       1 0 0 11       0 0 0 01                    P 48e     476563243110 9 711  2850.0 2910.0
 2B 3544.076513 3.790E-30 7.388E+00.06620.075  827.83020.74-.004854       1 0 0 11       0 0 0 01                    P 47e     476563243110 9 711  3906.0 3990.0
 2B 3545.074982 3.140E-30 7.411E+00.06620.076  793.36120.74-.004829       1 0 0 11       0 0 0 01                    P 46e     476563243110 9 711  2730.0 2790.0
 2B 3546.068049 5.080E-30 7.436E+00.06630.077  759.62360.74-.004803       1 0 0 11       0 0 0 01                    P 45e     376563243110 9 711  3738.0 3822.0
 2B 3547.055692 4.170E-30 7.450E+00.06640.077  726.61750.74-.004778       1 0 0 11       0 0 0 01                    P 44e     376563243110 9 711  2610.0 2670.0
 2B 3548.037889 6.690E-30 7.474E+00.06650.078  694.34300.75-.004753       1 0 0 11       0 0 0 01                    P 43e     376563243110 9 711  3570.0 3654.0
 2B 3549.014620 5.450E-30 7.493E+00.06660.079  662.80020.75-.004728       1 0 0 11       0 0 0 01                    P 42e     376563243110 9 711  2490.0 2550.0
 2B 3549.985865 8.670E-30 7.515E+00.06680.080  631.98940.75-.004703       1 0 0 11       0 0 0 01                    P 41e     476563243110 9 711  3402.0 3486.0
 2B 3550.951604 7.000E-30 7.529E+00.06690.080  601.91050.75-.004678       1 0 0 11       0 0 0 01                    P 40e     376663243110 9 711  2370.0 2430.0
 2B 3551.911818 1.100E-29 7.522E+00.06700.081  572.56370.75-.004653       1 0 0 11       0 0 0 01                    P 39e     476663243110 9 711  3234.0 3318.0
 2B 3552.866489 8.850E-30 7.573E+00.06720.082  543.94910.75-.004628       1 0 0 11       0 0 0 01                    P 38e     376663243110 9 711  2250.0 2310.0
 2B 3553.815597 1.380E-29 7.571E+00.06730.083  516.06690.74-.004603       1 0 0 11       0 0 0 01                    P 37e     476663243110 9 711  3066.0 3150.0
 2B 3554.759127 1.100E-29 7.617E+00.06750.084  488.91710.74-.004578       1 0 0 11       0 0 0 01                    P 36e     476663243110 9 711  2130.0 2190.0
 2B 3555.697059 1.700E-29 7.614E+00.06770.084  462.49980.74-.004554       1 0 0 11       0 0 0 01                    P 35e     476663243110 9 711  2898.0 2982.0
 2B 3556.629377 1.340E-29 7.641E+00.06790.085  436.81520.74-.004529       1 0 0 11       0 0 0 01                    P 34e     376663243110 9 711  2010.0 2070.0
 2B 3557.556066 2.060E-29 7.665E+00.06810.086  411.86330.74-.004505       1 0 0 11       0 0 0 01                    P 33e     476663243110 9 711  2730.0 2814.0
 2B 3558.477108 1.610E-29 7.696E+00.06830.087  387.64430.74-.004481       1 0 0 11       0 0 0 01                    P 32e     476663243110 9 711  1890.0 1950.0
 2B 3559.392489 2.450E-29 7.711E+00.06850.088  364.15820.74-.004457       1 0 0 11       0 0 0 01                    P 31e     376663243110 9 711  2562.0 2646.0
 2B 3560.302192 1.890E-29 7.713E+00.06880.088  341.40510.74-.004433       1 0 0 11       0 0 0 01                    P 30e     476663243110 9 711  1770.0 1830.0
 2B 3561.206205 2.850E-29 7.730E+00.06900.089  319.38510.73-.004409       1 0 0 11       0 0 0 01                    P 29e     476663243110 9 711  2394.0 2478.0
 2B 3562.104512 2.190E-29 7.775E+00.06930.090  298.09830.73-.004386       1 0 0 11       0 0 0 01                    P 28e     376663243110 9 711  1650.0 1710.0
 2B 3562.997099 3.260E-29 7.767E+00.06960.091  277.54480.73-.004363       1 0 0 11       0 0 0 01                    P 27e     476663243110 9 711  2226.0 2310.0
 2B 3563.883954 2.480E-29 7.811E+00.06990.092  257.72470.73-.004339       1 0 0 11       0 0 0 01                    P 26e     376663243110 9 711  1530.0 1590.0
 2B 3564.765062 3.660E-29 7.815E+00.07020.093  238.63790.72-.004316       1 0 0 11       0 0 0 01                    P 25e     376663243110 9 711  2058.0 2142.0
 2B 3565.640413 2.750E-29 7.843E+00.07060.094  220.28470.72-.004293       1 0 0 11       0 0 0 01                    P 24e     476663243110 9 711  1410.0 1470.0
 2B 3566.509993 4.020E-29 7.855E+00.07090.095  202.66500.72-.004271       1 0 0 11       0 0 0 01                    P 23e     476663243110 9 711  1890.0 1974.0
 2B 3567.373791 2.980E-29 7.862E+00.07130.095  185.77900.71-.004248       1 0 0 11       0 0 0 01                    P 22e     376663243110 9 711  1290.0 1350.0
 2B 3567.411957 1.060E-30 7.666E+00.06850.088 1008.08910.74-.004457       1 1 1 11       0 1 1 01                    P 31f     476663243110 9 711  2562.0 2646.0
 2B 3568.156410 1.160E-30 7.747E+00.06880.088  984.75220.74-.004433       1 1 1 11       0 1 1 01                    P 30e     476663243110 9 711  2478.0 2562.0
 2B 3568.231795 4.320E-29 7.897E+00.07170.096  169.62670.71-.004225       1 0 0 11       0 0 0 01                    P 21e     376663243110 9 711  1722.0 1806.0
 2B 3569.083995 3.170E-29 7.917E+00.07220.097  154.20820.71-.004202       1 0 0 11       0 0 0 01                    P 20e     476663243110 9 711  1170.0 1230.0
 2B 3569.212309 1.240E-30 7.724E+00.06900.089  963.20200.73-.004409       1 1 1 11       0 1 1 01                    P 29f     476663243110 9 711  2394.0 2478.0
 2B 3569.930380 4.530E-29 7.935E+00.07260.098  139.52350.70-.004179       1 0 0 11       0 0 0 01                    P 19e     476663243110 9 711  1554.0 1638.0
 2B 3569.969209 1.340E-30 7.784E+00.06930.090  941.40170.73-.004386       1 1 1 11       0 1 1 01                    P 28e     476663243110 9 711  2310.0 2394.0
 2B 3570.770940 3.280E-29 7.949E+00.07310.099  125.57270.70-.004156       1 0 0 11       0 0 0 01                    P 18e     476663243110 9 711  1050.0 1110.0
 2B 3570.866740 1.020E-30 7.793E+00.06960.091  920.82740.73-.004363       1 1 1 11       0 1 1 01                    P 27e     476663243110 9 711  1590.0 1650.0
 2B 3570.990938 1.420E-30 7.766E+00.06960.091  921.25510.73-.004363       1 1 1 11       0 1 1 01                    P 27f     376663243110 9 711  2226.0 2310.0
 2B 3571.605665 4.630E-29 7.976E+00.07370.100  112.35580.70-.004132       1 0 0 11       0 0 0 01                    P 17e     476663243110 9 711  1386.0 1470.0
 2B 3571.758347 1.520E-30 7.831E+00.06990.092  900.98730.73-.004339       1 1 1 11       0 1 1 01                    P 26e     376663243110 9 711  2142.0 2226.0
 2B 3571.872075 1.080E-30 7.806E+00.06990.092  901.38440.73-.004339       1 1 1 11       0 1 1 01                    P 26f     476663243110 9 711  1530.0 1590.0
 2B 3572.434547 3.310E-29 8.001E+00.07420.101   99.87290.69-.004108       1 0 0 11       0 0 0 01                    P 16e     476663243110 9 711   930.0  990.0
 2B 3572.644021 1.140E-30 7.803E+00.07020.093  881.88120.72-.004316       1 1 1 11       0 1 1 01                    P 25e     476663243110 9 711  1470.0 1530.0
 2B 3572.747746 1.590E-30 7.788E+00.07020.093  882.24900.72-.004316       1 1 1 11       0 1 1 01                    P 25f     476663243110 9 711  2058.0 2142.0
 2B 3573.257575 4.610E-29 8.040E+00.07480.102   88.12410.69-.004083       1 0 0 11       0 0 0 01                    P 15e     476663243110 9 711  1218.0 1302.0
 2B 3573.523754 1.680E-30 7.836E+00.07060.094  863.50950.72-.004293       1 1 1 11       0 1 1 01                    P 24e     476663243110 9 711  1974.0 2058.0
 2B 3573.617941 1.200E-30 7.849E+00.07060.094  863.84890.72-.004293       1 1 1 11       0 1 1 01                    P 24f     376663243110 9 711  1410.0 1470.0
 2B 3574.074741 3.240E-29 8.058E+00.07550.103   77.10930.68-.004056       1 0 0 11       0 0 0 01                    P 14e     376663243110 9 711   810.0  870.0
 2B 3574.397536 1.250E-30 7.829E+00.07090.095  845.87200.72-.004271       1 1 1 11       0 1 1 01                    P 23e     376663243110 9 711  1350.0 1410.0
 2B 3574.482647 1.750E-30 7.841E+00.07090.095  846.18430.72-.004271       1 1 1 11       0 1 1 01                    P 23f     476663243110 9 711  1890.0 1974.0
 2B 3574.886038 4.430E-29 8.088E+00.07620.104   66.82870.68-.004029       1 0 0 11       0 0 0 01                    P 13e     376663243110 9 711  1050.0 1134.0
 2B 3575.265361 1.820E-30 7.852E+00.07130.095  828.96890.71-.004248       1 1 1 11       0 1 1 01                    P 22e     476663243110 9 711  1806.0 1890.0
 2B 3575.341856 1.300E-30 7.863E+00.07130.095  829.25520.71-.004248       1 1 1 11       0 1 1 01                    P 22f     476663243110 9 711  1290.0 1350.0
 2B 3575.691458 3.070E-29 8.147E+00.07700.105   57.28220.68-.003999       1 0 0 11       0 0 0 01                    P 12e     476663243110 9 711   690.0  750.0
 2B 3576.127220 1.340E-30 7.851E+00.07170.096  812.80030.71-.004225       1 1 1 11       0 1 1 01                    P 21e     476663243110 9 711  1230.0 1290.0
 2B 3576.195556 1.880E-30 7.878E+00.07170.096  813.06170.71-.004225       1 1 1 11       0 1 1 01                    P 21f     476663243110 9 711  1722.0 1806.0
 2B 3576.490992 4.110E-29 8.178E+00.07780.107   48.46990.68-.003967       1 0 0 11       0 0 0 01                    P 11e     476663243110 9 711   882.0  966.0
 2B 3576.983105 1.940E-30 7.922E+00.07220.097  797.36610.71-.004202       1 1 1 11       0 1 1 01                    P 20e     376663243110 9 711  1638.0 1722.0
 2B 3577.043738 1.380E-30 7.899E+00.07220.097  797.60380.71-.004202       1 1 1 11       0 1 1 01                    P 20f     376663243110 9 711  1170.0 1230.0
 2B 3577.284635 2.780E-29 8.234E+00.07870.108   40.39190.68-.003932       1 0 0 11       0 0 0 01                    P 10e     476663243110 9 711   570.0  630.0
 2B 3577.833010 1.410E-30 7.914E+00.07260.098  782.66660.70-.004179       1 1 1 11       0 1 1 01                    P 19e     476663243110 9 711  1110.0 1170.0
 2B 3577.886394 1.970E-30 7.907E+00.07260.098  782.88160.70-.004179       1 1 1 11       0 1 1 01                    P 19f     476663243110 9 711  1554.0 1638.0
 2B 3578.072379 3.630E-29 8.285E+00.07970.109   33.04810.68-.003893       1 0 0 11       0 0 0 01                    P  9e     376663243110 9 711   714.0  798.0
 2B 3578.676926 2.000E-30 7.924E+00.07310.099  768.70160.70-.004156       1 1 1 11       0 1 1 01                    P 18e     376663243110 9 711  1470.0 1554.0
 2B 3578.723513 1.430E-30 7.940E+00.07310.099  768.89520.70-.004156       1 1 1 11       0 1 1 01                    P 18f     476663243110 9 711  1050.0 1110.0
 2B 3578.854219 2.380E-29 8.350E+00.08080.111   26.43860.68-.003849       1 0 0 11       0 0 0 01                    P  8e     476663243110 9 711   450.0  510.0
 2B 3579.514848 1.440E-30 7.948E+00.07370.100  755.47130.70-.004132       1 1 1 11       0 1 1 01                    P 17e     476663243110 9 711   990.0 1050.0
 2B 3579.555088 2.010E-30 7.931E+00.07370.100  755.64450.70-.004132       1 1 1 11       0 1 1 01                    P 17f     476663243110 9 711  1386.0 1470.0
 2B 3579.630148 3.000E-29 8.434E+00.08200.112   20.56350.68-.003798       1 0 0 11       0 0 0 01                    P  7e     476663243110 9 711   546.0  630.0
 2B 3580.346768 2.020E-30 7.981E+00.07420.101  742.97580.69-.004108       1 1 1 11       0 1 1 01                    P 16e     376663243110 9 711  1302.0 1386.0
 2B 3580.381110 1.440E-30 7.972E+00.07420.101  743.12980.69-.004108       1 1 1 11       0 1 1 01                    P 16f     476663243110 9 711   930.0  990.0
 2B 3580.400161 1.880E-29 8.533E+00.08340.114   15.42270.68-.003740       1 0 0 11       0 0 0 01                    P  6e     476663243110 9 711   330.0  390.0
 2B 3581.164253 2.250E-29 8.730E+00.08490.116   11.01630.69-.003669       1 0 0 11       0 0 0 01                    P  5e     376663243110 9 711   378.0  462.0
 2B 3581.172679 1.430E-30 7.990E+00.07480.102  731.21500.69-.004083       1 1 1 11       0 1 1 01                    P 15e     476663243110 9 711   870.0  930.0
 2B 3581.201571 2.000E-30 7.987E+00.07480.102  731.35090.69-.004083       1 1 1 11       0 1 1 01                    P 15f     476663243110 9 711  1218.0 1302.0
 2B 3581.922419 1.310E-29 8.991E+00.08660.118    7.34420.69-.003579       1 0 0 11       0 0 0 01                    P  4e     376663243110 9 711   210.0  270.0
 2B 3581.992577 1.970E-30 8.007E+00.07550.103  720.18910.68-.004056       1 1 1 11       0 1 1 01                    P 14e     476663243110 9 711  1134.0 1218.0
 2B 3582.016462 1.410E-30 8.028E+00.07550.103  720.30800.68-.004056       1 1 1 11       0 1 1 01                    P 14f     376663243110 9 711   810.0  870.0
 2B 3582.674655 1.390E-29 9.409E+00.08850.120    4.40650.70-.003448       1 0 0 11       0 0 0 01                    P  3e     376663243110 9 711   210.0  294.0
 2B 3582.806454 1.370E-30 8.012E+00.07620.104  709.89800.68-.004029       1 1 1 11       0 1 1 01                    P 13e     476663243110 9 711   750.0  810.0
 2B 3582.825778 1.920E-30 8.025E+00.07620.104  710.00110.68-.004029       1 1 1 11       0 1 1 01                    P 13f     376663243110 9 711  1050.0 1134.0
 2B 3583.420957 6.710E-30 1.049E+01.09050.123    2.20330.69-.003216       1 0 0 11       0 0 0 01                    P  2e     476663243110 9 711    90.0  150.0
 2B 3583.614305 1.860E-30 8.066E+00.07700.105  700.34190.68-.003999       1 1 1 11       0 1 1 01                    P 12e     476663243110 9 711   966.0 1050.0
 2B 3583.629511 1.330E-30 8.078E+00.07700.105  700.43020.68-.003999       1 1 1 11       0 1 1 01                    P 12f     376663243110 9 711   690.0  750.0
 2B 3584.161321 4.730E-30 1.574E+01.09500.127    0.73440.69-.002696       1 0 0 11       0 0 0 01                    P  1e     476663243110 9 711    42.0  126.0
 2B 3584.416125 1.270E-30 8.094E+00.07780.107  691.52070.68-.003967       1 1 1 11       0 1 1 01                    P 11e     476663243110 9 711   630.0  690.0
 2B 3584.427654 1.780E-30 8.106E+00.07780.107  691.59540.68-.003967       1 1 1 11       0 1 1 01                    P 11f     476663243110 9 711   882.0  966.0
 2B 3585.211907 1.680E-30 8.131E+00.07870.108  683.43440.68-.003932       1 1 1 11       0 1 1 01                    P 10e     476663243110 9 711   798.0  882.0
 2B 3585.220200 1.200E-30 8.133E+00.07870.108  683.49670.68-.003932       1 1 1 11       0 1 1 01                    P 10f     476663243110 9 711   570.0  630.0
 2B 3585.624224 3.390E-30 5.250E+00.09500.127    0.00000.69-.001740       1 0 0 11       0 0 0 01                    R  0e     376663243110 9 711    90.0   30.0
 2B 3586.001648 1.120E-30 8.187E+00.07970.109  676.08320.68-.003893       1 1 1 11       0 1 1 01                    P  9e     476663243110 9 711   510.0  570.0
 2B 3586.007144 1.560E-30 8.148E+00.07970.109  676.13420.68-.003893       1 1 1 11       0 1 1 01                    P  9f     476663243110 9 711   714.0  798.0
 2B 3586.346757 9.460E-30 6.303E+00.09500.123    0.73440.69-.001588       1 0 0 11       0 0 0 01                    R  1e     476663243110 9 711   210.0  126.0
 2B 3586.785341 1.430E-30 8.198E+00.08080.111  669.46700.68-.003849       1 1 1 11       0 1 1 01                    P  8e     476663243110 9 711   630.0  714.0
 2B 3586.788480 1.020E-30 8.188E+00.08080.111  669.50780.68-.003849       1 1 1 11       0 1 1 01                    P  8f     476663243110 9 711   450.0  510.0
 2B 3587.063343 1.010E-29 6.781E+00.09050.120    2.20330.70-.001677       1 0 0 11       0 0 0 01                    R  2e     476663243110 9 711   210.0  150.0
 2B 3587.564202 1.280E-30 8.233E+00.08200.112  663.61760.68-.003798       1 1 1 11       0 1 1 01                    P  7f     476663243110 9 711   546.0  630.0
 2B 3587.773978 1.860E-29 7.015E+00.08850.118    4.40650.69-.001829       1 0 0 11       0 0 0 01                    R  3e     376663243110 9 711   378.0  294.0
 2B 3588.334569 1.120E-30 8.306E+00.08340.114  658.43990.68-.003740       1 1 1 11       0 1 1 01                    P  6e     476663243110 9 711   462.0  546.0
 2B 3588.478662 1.640E-29 7.189E+00.08660.116    7.34420.69-.001989       1 0 0 11       0 0 0 01                    R  4e     376663243110 9 711   330.0  270.0
 2B 3589.177393 2.700E-29 7.285E+00.08490.114   11.01630.68-.002142       1 0 0 11       0 0 0 01                    R  5e     476663243110 9 711   546.0  462.0
 2B 3589.870172 2.200E-29 7.361E+00.08340.112   15.42270.68-.002285       1 0 0 11       0 0 0 01                    R  6e     376663243110 9 711   450.0  390.0
 2B 3590.556998 3.440E-29 7.441E+00.08200.111   20.56350.68-.002418       1 0 0 11       0 0 0 01                    R  7e     376663243110 9 711   714.0  630.0
 2B 3591.237871 2.690E-29 7.503E+00.08080.109   26.43860.68-.002543       1 0 0 11       0 0 0 01                    R  8e     376663243110 9 711   570.0  510.0
 2B 3591.912792 4.040E-29 7.523E+00.07970.108   33.04810.68-.002659       1 0 0 11       0 0 0 01                    R  9e     476663243110 9 711   882.0  798.0
 2B 3592.581762 3.070E-29 7.575E+00.07870.107   40.39190.68-.002769       1 0 0 11       0 0 0 01                    R 10e     376663243110 9 711   690.0  630.0
 2B 3593.244781 4.500E-29 7.592E+00.07780.105   48.46990.68-.002872       1 0 0 11       0 0 0 01                    R 11e     376663243110 9 711  1050.0  966.0
 2B 3593.901853 3.330E-29 7.604E+00.07700.104   57.28220.68-.002971       1 0 0 11       0 0 0 01                    R 12e     376663243110 9 711   810.0  750.0
 2B 3594.552979 4.800E-29 7.638E+00.07620.103   66.82870.68-.003065       1 0 0 11       0 0 0 01                    R 13e     376663243110 9 711  1218.0 1134.0
 2B 3595.198160 3.490E-29 7.649E+00.07550.102   77.10930.69-.003155       1 0 0 11       0 0 0 01                    R 14e     476663243110 9 711   930.0  870.0
 2B 3595.837402 4.940E-29 7.667E+00.07480.101   88.12410.69-.003242       1 0 0 11       0 0 0 01                    R 15e     376663243110 9 711  1386.0 1302.0
 2B 3596.470705 3.540E-29 7.681E+00.07420.100   99.87290.70-.003326       1 0 0 11       0 0 0 01                    R 16e     376663243110 9 711  1050.0  990.0
 2B 3597.098075 4.940E-29 7.699E+00.07370.099  112.35580.70-.003406       1 0 0 11       0 0 0 01                    R 17e     376663243110 9 711  1554.0 1470.0
 2B 3597.135862 1.140E-30 7.037E+00.08490.114  654.04600.68-.002142       1 1 1 11       0 1 1 01                    R  5f     476663243110 9 711   546.0  462.0
 2B 3597.719516 3.490E-29 7.706E+00.07310.098  125.57270.70-.003485       1 0 0 11       0 0 0 01                    R 18e     376663243110 9 711  1170.0 1110.0
 2B 3597.812478 1.320E-30 7.217E+00.08340.112  658.43990.68-.002285       1 1 1 11       0 1 1 01                    R  6e     476663243110 9 711   630.0  546.0
 2B 3598.335031 4.800E-29 7.709E+00.07260.097  139.52350.71-.003561       1 0 0 11       0 0 0 01                    R 19e     376663243110 9 711  1722.0 1638.0
 2B 3598.498940 1.060E-30 7.343E+00.08200.111  663.58590.68-.002418       1 1 1 11       0 1 1 01                    R  7e     476663243110 9 711   510.0  450.0
 2B 3598.523684 1.480E-30 7.324E+00.08200.111  663.61760.68-.002418       1 1 1 11       0 1 1 01                    R  7f     476663243110 9 711   714.0  630.0
 2B 3598.944625 3.350E-29 7.716E+00.07220.096  154.20820.71-.003634       1 0 0 11       0 0 0 01                    R 20e     376663243110 9 711  1290.0 1230.0
 2B 3599.179306 1.620E-30 7.383E+00.08080.109  669.46700.68-.002543       1 1 1 11       0 1 1 01                    R  8e     376663243110 9 711   798.0  714.0
 2B 3599.209110 1.160E-30 7.403E+00.08080.109  669.50780.68-.002543       1 1 1 11       0 1 1 01                    R  8f     476663243110 9 711   570.0  510.0
 2B 3599.548305 4.560E-29 7.729E+00.07170.095  169.62670.71-.003706       1 0 0 11       0 0 0 01                    R 21e     376663243110 9 711  1890.0 1806.0
 2B 3599.853575 1.250E-30 7.454E+00.07970.108  676.08320.68-.002659       1 1 1 11       0 1 1 01                    R  9e     476663243110 9 711   630.0  570.0
 2B 3599.888878 1.750E-30 7.456E+00.07970.108  676.13420.68-.002659       1 1 1 11       0 1 1 01                    R  9f     376663243110 9 711   882.0  798.0
 2B 3600.146075 3.150E-29 7.744E+00.07130.095  185.77900.72-.003776       1 0 0 11       0 0 0 01                    R 22e     376663243110 9 711  1410.0 1350.0
 2B 3600.521747 1.860E-30 7.500E+00.07870.107  683.43440.68-.002769       1 1 1 11       0 1 1 01                    R 10e     476663243110 9 711   966.0  882.0
 2B 3600.562990 1.330E-30 7.510E+00.07870.107  683.49670.68-.002769       1 1 1 11       0 1 1 01                    R 10f     476663243110 9 711   690.0  630.0
 2B 3600.737942 4.230E-29 7.737E+00.07090.094  202.66500.72-.003844       1 0 0 11       0 0 0 01                    R 23e     376663243110 9 711  2058.0 1974.0
 2B 3601.183821 1.390E-30 7.511E+00.07780.105  691.52070.68-.002872       1 1 1 11       0 1 1 01                    R 11e     476663243110 9 711   750.0  690.0
 2B 3601.231445 1.950E-30 7.529E+00.07780.105  691.59540.68-.002872       1 1 1 11       0 1 1 01                    R 11f     476663243110 9 711  1050.0  966.0
 2B 3601.323912 2.890E-29 7.748E+00.07060.093  220.28470.72-.003911       1 0 0 11       0 0 0 01                    R 24e     376663243110 9 711  1530.0 1470.0
 2B 3601.839798 2.030E-30 7.576E+00.07700.104  700.34190.68-.002971       1 1 1 11       0 1 1 01                    R 12e     476663243110 9 711  1134.0 1050.0
 2B 3601.894245 1.450E-30 7.579E+00.07700.104  700.43020.68-.002971       1 1 1 11       0 1 1 01                    R 12f     476663243110 9 711   810.0  750.0
 2B 3601.903992 3.840E-29 7.739E+00.07020.092  238.63790.73-.003976       1 0 0 11       0 0 0 01                    R 25e     376663243110 9 711  2226.0 2142.0
 2B 3602.478189 2.590E-29 7.729E+00.06990.091  257.72470.73-.004040       1 0 0 11       0 0 0 01                    R 26e     476663243110 9 711  1650.0 1590.0
 2B 3602.489677 1.490E-30 7.595E+00.07620.103  709.89800.68-.003065       1 1 1 11       0 1 1 01                    R 13e     476663243110 9 711   870.0  810.0
 2B 3602.551391 2.080E-30 7.577E+00.07620.103  710.00110.68-.003065       1 1 1 11       0 1 1 01                    R 13f     376663243110 9 711  1218.0 1134.0
 2B 3603.046511 3.420E-29 7.748E+00.06960.090  277.54480.73-.004102       1 0 0 11       0 0 0 01                    R 27e     376663243110 9 711  2394.0 2310.0
 2B 3603.133458 2.120E-30 7.594E+00.07550.102  720.18910.69-.003155       1 1 1 11       0 1 1 01                    R 14e     476663243110 9 711  1302.0 1218.0
 2B 3603.202884 1.520E-30 7.627E+00.07550.102  720.30800.69-.003155       1 1 1 11       0 1 1 01                    R 14f     476663243110 9 711   930.0  870.0
 2B 3603.608966 2.290E-29 7.757E+00.06930.089  298.09830.73-.004163       1 0 0 11       0 0 0 01                    R 28e     376663243110 9 711  1770.0 1710.0
 2B 3603.771143 1.540E-30 7.657E+00.07480.101  731.21500.69-.003242       1 1 1 11       0 1 1 01                    R 15e     476663243110 9 711   990.0  930.0
 2B 3603.848727 2.150E-30 7.641E+00.07480.101  731.35090.69-.003242       1 1 1 11       0 1 1 01                    R 15f     376663243110 9 711  1386.0 1302.0
 2B 3604.165564 2.980E-29 7.736E+00.06900.088  319.38510.74-.004223       1 0 0 11       0 0 0 01                    R 29e     376663243110 9 711  2562.0 2478.0
 2B 3604.402731 2.160E-30 7.661E+00.07420.100  742.97580.70-.003326       1 1 1 11       0 1 1 01                    R 16e     476663243110 9 711  1470.0 1386.0
 2B 3604.488921 1.540E-30 7.653E+00.07420.100  743.12980.70-.003326       1 1 1 11       0 1 1 01                    R 16f     376663243110 9 711  1050.0  990.0
 2B 3604.716312 1.980E-29 7.757E+00.06880.088  341.40510.74-.004282       1 0 0 11       0 0 0 01                    R 30e     376663243110 9 711  1890.0 1830.0
 2B 3605.028224 1.540E-30 7.689E+00.07370.099  755.47130.70-.003406       1 1 1 11       0 1 1 01                    R 17e     376663243110 9 711  1110.0 1050.0
 2B 3605.123470 2.150E-30 7.675E+00.07370.099  755.64450.70-.003406       1 1 1 11       0 1 1 01                    R 17f     476663243110 9 711  1554.0 1470.0
 2B 3605.261220 2.550E-29 7.728E+00.06850.087  364.15820.74-.004339       1 0 0 11       0 0 0 01                    R 31e     476663243110 9 711  2730.0 2646.0
 2B 3605.647623 2.130E-30 7.688E+00.07310.098  768.70160.70-.003485       1 1 1 11       0 1 1 01                    R 18e     476663243110 9 711  1638.0 1554.0
 2B 3605.752376 1.520E-30 7.689E+00.07310.098  768.89520.70-.003485       1 1 1 11       0 1 1 01                    R 18f     476663243110 9 711  1170.0 1110.0
 2B 3605.800298 1.680E-29 7.753E+00.06830.086  387.64430.74-.004396       1 0 0 11       0 0 0 01                    R 32e     376663243110 9 711  2010.0 1950.0
 2B 3606.260930 1.490E-30 7.668E+00.07260.097  782.66660.71-.003561       1 1 1 11       0 1 1 01                    R 19e     476663243110 9 711  1230.0 1170.0
 2B 3606.333556 2.150E-29 7.744E+00.06810.085  411.86330.74-.004451       1 0 0 11       0 0 0 01                    R 33e     376663243110 9 711  2898.0 2814.0
 2B 3606.375642 2.090E-30 7.691E+00.07260.097  782.88160.71-.003561       1 1 1 11       0 1 1 01                    R 19f     476663243110 9 711  1722.0 1638.0
 2B 3606.861006 1.400E-29 7.748E+00.06790.084  436.81520.74-.004505       1 0 0 11       0 0 0 01                    R 34e     476663243110 9 711  2130.0 2070.0
 2B 3606.868145 2.050E-30 7.720E+00.07220.096  797.36610.71-.003634       1 1 1 11       0 1 1 01                    R 20e     376663243110 9 711  1806.0 1722.0
 2B 3606.993272 1.460E-30 7.707E+00.07220.096  797.60380.71-.003634       1 1 1 11       0 1 1 01                    R 20f     476663243110 9 711  1290.0 1230.0
 2B 3607.382658 1.770E-29 7.712E+00.06770.084  462.49980.74-.004559       1 0 0 11       0 0 0 01                    R 35e     476663243110 9 711  3066.0 2982.0
 2B 3607.469271 1.420E-30 7.713E+00.07170.095  812.80030.71-.003706       1 1 1 11       0 1 1 01                    R 21e     476663243110 9 711  1350.0 1290.0
 2B 3607.605271 1.980E-30 7.693E+00.07170.095  813.06170.71-.003706       1 1 1 11       0 1 1 01                    R 21f     376663243110 9 711  1890.0 1806.0
 2B 3607.898524 1.140E-29 7.698E+00.06750.083  488.91710.74-.004611       1 0 0 11       0 0 0 01                    R 36e     476663243110 9 711  2250.0 2190.0
 2B 3608.064310 1.920E-30 7.718E+00.07130.095  828.96890.72-.003776       1 1 1 11       0 1 1 01                    R 22e     476663243110 9 711  1974.0 1890.0
 2B 3608.211641 1.370E-30 7.722E+00.07130.095  829.25520.72-.003776       1 1 1 11       0 1 1 01                    R 22f     476663243110 9 711  1410.0 1350.0
 2B 3608.408616 1.440E-29 7.722E+00.06730.082  516.06690.75-.004663       1 0 0 11       0 0 0 01                    R 37e     476663243110 9 711  3234.0 3150.0
 2B 3608.653265 1.320E-30 7.738E+00.07090.094  845.87200.72-.003844       1 1 1 11       0 1 1 01                    R 23e     376663243110 9 711  1470.0 1410.0
 2B 3608.812387 1.840E-30 7.717E+00.07090.094  846.18430.72-.003844       1 1 1 11       0 1 1 01                    R 23f     476663243110 9 711  2058.0 1974.0
 2B 3608.912947 9.200E-30 7.711E+00.06720.081  543.94910.75-.004713       1 0 0 11       0 0 0 01                    R 38e     376663243110 9 711  2370.0 2310.0
 2B 3609.236138 1.760E-30 7.717E+00.07060.093  863.50950.72-.003911       1 1 1 11       0 1 1 01                    R 24e     476663243110 9 711  2142.0 2058.0
 2B 3609.407516 1.260E-30 7.748E+00.07060.093  863.84890.72-.003911       1 1 1 11       0 1 1 01                    R 24f     476663243110 9 711  1530.0 1470.0
 2B 3609.411530 1.150E-29 7.719E+00.06700.080  572.56370.75-.004763       1 0 0 11       0 0 0 01                    R 39e     476663243110 9 711  3402.0 3318.0
 2B 3609.812931 1.200E-30 7.753E+00.07020.092  881.88120.73-.003976       1 1 1 11       0 1 1 01                    R 25e     476663243110 9 711  1590.0 1530.0
 2B 3609.904378 7.280E-30 7.702E+00.06690.080  601.91050.75-.004812       1 0 0 11       0 0 0 01                    R 40e     476663243110 9 711  2490.0 2430.0
 2B 3609.997031 1.670E-30 7.721E+00.07020.092  882.24900.73-.003976       1 1 1 11       0 1 1 01                    R 25f     476663243110 9 711  2226.0 2142.0
 2B 3610.383648 1.590E-30 7.761E+00.06990.091  900.98730.73-.004040       1 1 1 11       0 1 1 01                    R 26e     476663243110 9 711  2310.0 2226.0
 2B 3610.391505 9.010E-30 7.698E+00.06680.079  631.98940.75-.004860       1 0 0 11       0 0 0 01                    R 41e     376563243110 9 711  3570.0 3486.0
 2B 3610.580938 1.130E-30 7.738E+00.06990.091  901.38440.73-.004040       1 1 1 11       0 1 1 01                    R 26f     476663243110 9 711  1650.0 1590.0
 2B 3610.872926 5.660E-30 7.685E+00.06660.078  662.80020.75-.004907       1 0 0 11       0 0 0 01                    R 42e     376563243110 9 711  2610.0 2550.0
 2B 3610.948293 1.070E-30 7.773E+00.06960.090  920.82740.73-.004102       1 1 1 11       0 1 1 01                    R 27e     476663243110 9 711  1710.0 1650.0
 2B 3611.159243 1.490E-30 7.748E+00.06960.090  921.25510.73-.004102       1 1 1 11       0 1 1 01                    R 27f     476663243110 9 711  2394.0 2310.0
 2B 3611.348655 6.950E-30 7.683E+00.06650.077  694.34300.74-.004954       1 0 0 11       0 0 0 01                    R 43e     476563243110 9 711  3738.0 3654.0
 2B 3611.506868 1.400E-30 7.758E+00.06930.089  941.40170.73-.004163       1 1 1 11       0 1 1 01                    R 28e     476663243110 9 711  2478.0 2394.0
 2B 3611.818709 4.330E-30 7.669E+00.06640.077  726.61750.74-.004999       1 0 0 11       0 0 0 01                    R 44e     376563243110 9 711  2730.0 2670.0
 2B 3612.283103 5.270E-30 7.661E+00.06630.076  759.62360.74-.005044       1 0 0 11       0 0 0 01                    R 45e     376563243110 9 711  3906.0 3822.0
 2B 3612.299072 1.300E-30 7.750E+00.06900.088  963.20200.74-.004223       1 1 1 11       0 1 1 01                    R 29f     376663243110 9 711  2562.0 2478.0
 2B 3612.605826 1.210E-30 7.757E+00.06880.088  984.75220.74-.004282       1 1 1 11       0 1 1 01                    R 30e     476663243110 9 711  2646.0 2562.0
 2B 3612.741853 3.260E-30 7.654E+00.06620.075  793.36120.74-.005088       1 0 0 11       0 0 0 01                    R 46e     376563243110 9 711  2850.0 2790.0
 2B 3613.194977 3.930E-30 7.634E+00.06620.075  827.83020.74-.005132       1 0 0 11       0 0 0 01                    R 47e     376563243110 9 711  4074.0 3990.0
 2B 3613.416573 1.110E-30 7.729E+00.06850.087 1008.08910.74-.004339       1 1 1 11       0 1 1 01                    R 31f     476663243110 9 711  2730.0 2646.0
 2B 3613.642492 2.410E-30 7.622E+00.06600.074  863.03040.74-.005175       1 0 0 11       0 0 0 01                    R 48e     476563243110 9 711  2970.0 2910.0
 2B 3613.680556 1.030E-30 7.780E+00.06830.086 1031.03800.74-.004396       1 1 1 11       0 1 1 01                    R 32e     476663243110 9 711  2814.0 2730.0
 2B 3614.084415 2.890E-30 7.623E+00.06590.074  898.96170.74-.005217       1 0 0 11       0 0 0 01                    R 49e     476563243110 9 711  4242.0 4158.0
